Country,year,green_investment,green_share_value,country,resilience_score,Country Name,gdp_pc,rule_law,log_green,cluster
Afghanistan,2017,19.0,1.0,Afghanistan,-0.7982266942041729,Afghanistan,-1.1745407304532893,-2.5239618794055683,2.995732273553991,1
Afghanistan,2019,18.89,0.0991653105149876,Afghanistan,-0.7982266942041729,Afghanistan,-1.1759589574768778,-2.6668029387354735,2.9902170928658807,1
Albania,2011,4.16,1.0,Albania,-0.6528376464399982,Albania,-0.2743945164921581,0.45880958862372484,1.6409365794934714,2
Albania,2012,134.39999999999998,1.0,Albania,-0.6528376464399982,Albania,-0.24724579775637795,0.22181363515233507,4.9082333604781745,2
Albania,2013,19.4,1.0,Albania,-0.6528376464399982,Albania,-0.21139976211516648,0.0399777188914028,3.0155349008501706,1
Albania,2014,177.3,1.0,Albania,-0.6528376464399982,Albania,-0.16828128336106843,0.5113897439923412,5.183467524869095,2
Albania,2023,187.33,1.0,Albania,-0.6528376464399982,Albania,0.453864584569929,0.7954601486841651,5.2381957432066555,2
Algeria,2012,30.3,1.0,Algeria,-0.5074485986758235,Algeria,-0.03151065554223475,-0.7404718331268758,3.4436180975461075,1
Angola,2014,112.0,1.0,Angola,-0.7982266942041729,Angola,-0.2544789318633199,-1.8566677868833936,4.727387818712341,1
Angola,2024,1600.0,1.0,Angola,-0.7982266942041729,Angola,-0.5149295888917685,-1.5448651035067735,7.3783837129967145,1
Argentina,2011,175.8,1.0,Argentina,0.8010528312017486,Argentina,2.720017283693732,0.06923887093345613,5.175019150203543,0
Argentina,2012,593.0,1.0,Argentina,0.8010528312017486,Argentina,2.637318841401061,-0.03801749182099334,6.386879319362645,0
Argentina,2013,1039.0,1.0,Argentina,0.8010528312017486,Argentina,2.6927036873347565,-0.17779760797110097,6.946975992135418,0
Argentina,2015,120.0,1.0,Argentina,0.8010528312017486,Argentina,2.615704951283719,0.07197757296457706,4.795790545596741,0
Argentina,2017,737.6,0.4039209243743497,Argentina,0.8010528312017486,Argentina,2.5696119421772274,0.7505896937123302,6.6047565024184625,0
Argentina,2018,901.82,0.8003230329600115,Argentina,0.8010528312017486,Argentina,2.436174756095817,0.6822135431173297,6.805523197998842,0
Argentina,2019,1895.4,0.9199184624344788,Argentina,0.8010528312017486,Argentina,2.3344808859163124,0.36936053334704294,7.547712631027963,0
Argentina,2020,160.0,1.0,Argentina,0.8010528312017486,Argentina,1.9549762043033125,0.47887152757001794,5.081404364984463,0
Argentina,2022,381.0,0.7383720930232558,Argentina,0.8010528312017486,Argentina,2.499310953218296,0.4770328378182601,5.945420608606575,0
Argentina,2023,720.0,1.0,Argentina,0.8010528312017486,Argentina,2.417324266871904,0.6003519735940906,6.580639137284949,0
Argentina,2024,33.0,1.0,Argentina,0.8010528312017486,Argentina,2.354116534386846,0.5690327660112625,3.5263605246161616,0
Armenia,2019,0.0,0.0,Armenia,-0.7982266942041729,Armenia,-0.08207326180007414,0.5768409817355594,0.0,2
Armenia,2021,53.01,1.0,Armenia,-0.7982266942041729,Armenia,-0.1048024953279065,0.9109436647299863,3.9891692146047997,2
Armenia,2022,37.0,1.0,Armenia,-0.7982266942041729,Armenia,0.0472497079107285,0.5983424802518237,3.6375861597263857,2
Armenia,2023,0.0,0.0,Armenia,-0.7982266942041729,Armenia,0.16463396749428685,0.6624604977366468,0.0,2
Azerbaijan,2021,200.0,1.0,Azerbaijan,-0.7982266942041729,Azerbaijan,0.20865619086362794,-0.253187846595332,5.303304908059076,1
Azerbaijan,2022,250.0,1.0,Azerbaijan,-0.7982266942041729,Azerbaijan,0.2808970298814681,-0.11482496825554052,5.5254529391317835,2
Azerbaijan,2023,348.0,1.0,Azerbaijan,-0.7982266942041729,Azerbaijan,0.30084247650814366,-0.04020836785016717,5.855071922202427,2
Azerbaijan,2024,1024.0,1.0,Azerbaijan,-0.7982266942041729,Azerbaijan,0.35936654226344733,0.030428405913974943,6.932447891572509,2
Bangladesh,2010,0.0,0.0,Bangladesh,-0.7982266942041729,Bangladesh,-1.0644774486937671,-0.8037344952259768,0.0,1
Bangladesh,2011,0.0,0.0,Bangladesh,-0.7982266942041729,Bangladesh,-1.0494758877977293,-0.4632385071838488,0.0,1
Bangladesh,2012,0.0,0.0,Bangladesh,-0.7982266942041729,Bangladesh,-1.0336375746276985,-1.1283164060668864,0.0,1
Bangladesh,2013,0.0,0.0,Bangladesh,-0.7982266942041729,Bangladesh,-1.018390445055534,-1.0964258871555954,0.0,1
Bangladesh,2014,0.0,0.0,Bangladesh,-0.7982266942041729,Bangladesh,-1.0021362842581023,-0.8131560565867303,0.0,1
Bangladesh,2015,0.0,0.0,Bangladesh,-0.7982266942041729,Bangladesh,-0.983359975615647,-0.8248230478757805,0.0,1
Bangladesh,2016,0.0,0.0,Bangladesh,-0.7982266942041729,Bangladesh,-0.9615595585699555,-0.9398312401719565,0.0,1
Bangladesh,2017,0.0,0.0,Bangladesh,-0.7982266942041729,Bangladesh,-0.9401988556007451,-0.9799169075987924,0.0,1
Bangladesh,2018,0.0,0.0,Bangladesh,-0.7982266942041729,Bangladesh,-0.9146268101826496,-0.9461299351970072,0.0,1
Bangladesh,2019,35.71,1.0,Bangladesh,-0.7982266942041729,Bangladesh,-0.8851651747207709,-1.0205260196208348,3.603049197508743,1
Bangladesh,2020,133.0,0.0707446808510638,Bangladesh,-0.7982266942041729,Bangladesh,-0.8734744642149274,-0.9168738386523475,4.897839799950911,1
Bangladesh,2021,0.0,,Bangladesh,-0.7982266942041729,Bangladesh,-0.8453256201739747,-1.0964116167436402,0.0,1
Bangladesh,2022,0.0,0.0,Bangladesh,-0.7982266942041729,Bangladesh,-0.8157739621050168,-1.0934800301003251,0.0,1
Bangladesh,2023,247.55,1.0,Bangladesh,-0.7982266942041729,Bangladesh,-0.7923601221265761,-0.9286338216699083,5.515644032540681,1
Bangladesh,2024,24.3,1.0,Bangladesh,-0.7982266942041729,Bangladesh,-0.7762068569446149,-1.0622169813364262,3.2308043957334744,1
Belarus,2019,11.3,1.0,Belarus,-0.7982266942041729,Belarus,0.4739655410249316,-0.6805244672483914,2.509599262378372,1
Benin,2022,15.82,1.0,Benin,-0.7982266942041729,Benin,-0.985061887998585,0.06934083683855714,2.822568654544802,1
Benin,2023,9.6,1.0,Benin,-0.7982266942041729,Benin,-0.9720226030624347,0.24784349515136,2.3608540011180215,1
Bosnia and Herzegovina,2012,0.0,0.0,Bosnia and Herzegovina,-0.7982266942041729,Bosnia and Herzegovina,-0.14088846874108288,0.8440761253796735,0.0,2
Bosnia and Herzegovina,2020,78.78,1.0,Bosnia and Herzegovina,-0.7982266942041729,Bosnia and Herzegovina,0.2494490662988814,0.4511512055377873,4.379272846477261,2
Bosnia and Herzegovina,2022,9.48,1.0,Bosnia and Herzegovina,-0.7982266942041729,Bosnia and Herzegovina,0.4911375556039302,0.4807330071830411,2.349468678892896,2
Bosnia and Herzegovina,2023,485.75,1.0,Bosnia and Herzegovina,-0.7982266942041729,Bosnia and Herzegovina,0.5391516924142148,0.33079405626129244,6.187750644252309,2
Botswana,2011,0.0,0.0,Botswana,-0.7982266942041729,Botswana,0.3532795595339912,2.8663453515278325,0.0,2
Botswana,2022,5.0,1.0,Botswana,-0.7982266942041729,Botswana,0.7316747105339776,1.9382614331853396,1.791759469228055,2
Botswana,2023,60.0,1.0,Botswana,-0.7982266942041729,Botswana,0.7633058924531311,1.9124863809544141,4.110873864173311,2
Botswana,2024,60.5,1.0,Botswana,-0.7982266942041729,Botswana,0.6674521438408312,1.8660242200148591,4.119037174812473,2
Brazil,2010,1059.5,0.8434166533991402,Brazil,1.6733871177867965,Brazil,1.2035598935800638,1.0523972040146774,6.966495774004737,0
Brazil,2011,6460.3,0.6961980300450461,Brazil,1.6733871177867965,Brazil,1.283127536745887,0.975512624557713,8.773585814921011,0
Brazil,2012,4375.33,0.93447426705367,Brazil,1.6733871177867965,Brazil,1.3118807992645332,1.0447979889723082,8.383965752593078,0
Brazil,2013,4490.62,0.9001727932774995,Brazil,1.6733871177867965,Brazil,1.3694531879665934,0.8379933455660534,8.409968717444727,0
Brazil,2014,4236.0,1.0,Brazil,1.6733871177867965,Brazil,1.361247727065131,0.8208257056262157,8.351610750626559,0
Brazil,2015,2174.7,0.8002340317488353,Brazil,1.6733871177867965,Brazil,1.2450436240877163,0.6292837292199933,7.685105730824157,0
Brazil,2016,4020.1,0.9711559367073318,Brazil,1.6733871177867965,Brazil,1.1414940317071616,0.8056878211412144,8.299310776023498,0
Brazil,2017,3333.6,0.991257805530776,Brazil,1.6733871177867965,Brazil,1.1560603029014522,0.5012723429003968,8.112108011126358,0
Brazil,2018,1808.22,0.5003071202085096,Brazil,1.6733871177867965,Brazil,1.1832465760246351,0.22347484752204996,7.500651092152359,0
Brazil,2019,1696.96,0.4831945694142302,Brazil,1.6733871177867965,Brazil,1.1974357219691527,0.2587515733607852,7.437182809467789,0
Brazil,2020,2925.07,0.673192836939336,Brazil,1.6733871177867965,Brazil,1.100221219313707,0.24495586993643745,7.981415504738885,0
Brazil,2021,2731.57,1.0,Brazil,1.6733871177867965,Brazil,1.205465611927122,0.20589035641088585,7.9129978372889,0
Brazil,2022,3416.09,1.0,Brazil,1.6733871177867965,Brazil,1.272751465319346,0.13524760432046137,8.136544590662195,0
Brazil,2023,3375.8500000000004,0.8512298750583104,Brazil,1.6733871177867965,Brazil,1.3467084893518873,0.03585723440337808,8.12469860127646,0
Brazil,2024,3910.62,1.0,Brazil,1.6733871177867965,Brazil,1.427246855625716,0.1205516612531094,8.271706889422287,0
Bulgaria,2010,166.83999999999995,1.0,Bulgaria,-0.5074485986758235,Bulgaria,0.5204829816557579,0.45752125262261195,5.123011144647987,2
Bulgaria,2011,569.69,1.0,Bulgaria,-0.5074485986758235,Bulgaria,0.5715107258779404,0.372592748218961,6.346846155048159,2
Bulgaria,2012,550.6800000000001,1.0,Bulgaria,-0.5074485986758235,Bulgaria,0.5969736457185322,0.6469766460384829,6.312968168035273,2
Bulgaria,2013,165.0,1.0,Bulgaria,-0.5074485986758235,Bulgaria,0.6256696083052443,0.6152166338562024,5.111987788356544,2
Bulgaria,2019,11.59,1.0,Bulgaria,-0.5074485986758235,Bulgaria,1.155448311937072,0.8240685129688633,2.532902848056256,2
Bulgaria,2022,106.39,1.0,Bulgaria,-0.5074485986758235,Bulgaria,1.4362404082767193,0.917935671737532,4.676467067870125,2
Bulgaria,2023,293.14,1.0,Bulgaria,-0.5074485986758235,Bulgaria,1.490968588210374,1.086450044756901,5.684055844472168,2
Bulgaria,2024,291.56,1.0,Bulgaria,-0.5074485986758235,Bulgaria,1.5891088774176239,1.070915771828119,5.678669773841126,2
Burkina Faso,2021,186.01,1.0,Burkina Faso,-0.7982266942041729,Burkina Faso,-1.1217468927048595,0.224440460898544,5.231162091360629,1
Burkina Faso,2022,46.4,1.0,Burkina Faso,-0.7982266942041729,Burkina Faso,-1.1232397299179753,-0.2947699412506506,3.858622228701031,1
Burkina Faso,2024,27.7,1.0,Burkina Faso,-0.7982266942041729,Burkina Faso,-1.1164412508092163,-0.8868167132574486,3.3568971227655755,1
Burundi,2020,15.7,1.0,Burundi,-0.7982266942041729,Burundi,-1.261028075334949,-1.8935240212993123,2.8154087194227095,1
Burundi,2023,1.0,1.0,Burundi,-0.7982266942041729,Burundi,-1.2606294749179336,-1.8627807258150624,0.6931471805599453,1
Burundi,2024,7.7,1.0,Burundi,-0.7982266942041729,Burundi,-1.2595147978121655,-1.8512067262545235,2.163323025660538,1
Cambodia,2010,0.0,0.0,Cambodia,-0.7982266942041729,Cambodia,-1.003163584730183,-1.6909963821853042,0.0,1
Cambodia,2012,0.0,,Cambodia,-0.7982266942041729,Cambodia,-0.9628824744515811,-1.3396169514527956,0.0,1
Cambodia,2017,12.5,1.0,Cambodia,-0.7982266942041729,Cambodia,-0.8303415984529173,-1.5867995984288172,2.6026896854443837,1
Cambodia,2020,45.0,1.0,Cambodia,-0.7982266942041729,Cambodia,-0.7856397993154169,-1.4908978560715576,3.828641396489095,1
Cambodia,2021,41.2,1.0,Cambodia,-0.7982266942041729,Cambodia,-0.7769334108382051,-1.4941422683340124,3.742420221041966,1
Cameroon,2010,0.0,0.0,Cameroon,-0.7982266942041729,Cameroon,-0.9641398372870469,-1.1796830548204122,0.0,1
Cameroon,2023,100.0,1.0,Cameroon,-0.7982266942041729,Cameroon,-0.9129138941704068,-1.7067548490368587,4.61512051684126,1
Chad,2020,150.0,1.0,Chad,-0.6528376464399982,Chad,-1.081434681011489,-1.921653597882447,5.017279836814924,1
Chad,2021,71.35,1.0,Chad,-0.6528376464399982,Chad,-1.0893674715659851,-1.9438419619533116,4.281515453077493,1
Chad,2023,100.0,1.0,Chad,-0.6528376464399982,Chad,-1.0895683396816338,-2.201127271507713,4.61512051684126,1
China,2010,421.47,1.0,China,2.6911104521360194,China,0.3286563513069334,-0.4646050963999077,6.046118438359029,0
China,2011,2594.8,1.0,China,2.6911104521360194,China,0.4763276370708558,-0.22670913064915388,7.8616500332536585,0
China,2012,2867.22,1.0,China,2.6911104521360194,China,0.6055750298609949,-0.44403997497097863,7.961446907285235,0
China,2013,3531.53,1.0,China,2.6911104521360194,China,0.7427946685804593,-0.6823295473045142,8.169769607091624,0
China,2014,1199.46,1.0,China,2.6911104521360194,China,0.8839542286003179,-0.44161248026485644,7.090460095655974,0
China,2015,2722.18,1.0,China,2.6911104521360194,China,1.0251848023848866,-0.37632490421900433,7.9095555940512625,0
China,2016,2695.121,0.8628691881805997,China,2.6911104521360194,China,1.1708333628696768,-0.2821617313661798,7.8995693523307,0
China,2017,2483.56,1.0,China,2.6911104521360194,China,1.3274892150171806,-0.08482171466884511,7.817850860479091,0
China,2018,150.17,1.0,China,2.6911104521360194,China,1.4942591897668873,-0.05030412927337411,5.018405031360617,0
China,2019,9.71,1.0,China,2.6911104521360194,China,1.6554489885021917,-0.12192031872435423,2.3711778844596574,0
China,2020,189.45,1.0,China,2.6911104521360194,China,1.7181999790765707,-0.02481174354353881,5.249389692924613,0
China,2021,70.0,1.0,China,2.6911104521360194,China,1.9770874499606546,-0.09213964076629215,4.2626798770413155,0
China,2022,563.4,1.0,China,2.6911104521360194,China,2.081409966042242,-0.1502487716202981,6.335763219978659,0
China,2023,1100.44,0.6479122017851676,China,2.6911104521360194,China,2.2702624587022897,-0.12353918795981571,7.00437369358312,0
China,2024,12166.59,1.0,China,2.6911104521360194,China,2.454479916670849,-0.1858242666555252,9.4065311384339,0
Colombia,2010,0.0,,Colombia,1.527998070022622,Colombia,0.16954928697237953,0.3167366305393414,0.0,0
Colombia,2014,178.0,1.0,Colombia,1.527998070022622,Colombia,0.43180765900822055,0.2005462275643214,5.187385805840755,0
Colombia,2015,59.0,1.0,Colombia,1.527998070022622,Colombia,0.4684116791058067,0.22801012353431355,4.0943445622221,0
Colombia,2016,65.0,1.0,Colombia,1.527998070022622,Colombia,0.4879325884520278,0.34474720231875283,4.189654742026425,0
Colombia,2018,78.0,1.0,Colombia,1.527998070022622,Colombia,0.49876157767835344,0.17627196259402186,4.3694478524670215,0
Colombia,2019,0.0,0.0,Colombia,1.527998070022622,Colombia,0.5237326744704452,0.10549985396711575,0.0,0
Colombia,2020,16.73,1.0,Colombia,1.527998070022622,Colombia,0.36538023114314533,0.037047282440615635,2.8752581200861167,0
Colombia,2021,24.0,1.0,Colombia,1.527998070022622,Colombia,0.5287044087108894,-0.019318223411562495,3.2188758248682006,0
Colombia,2022,515.87,0.8809857230685157,Colombia,1.527998070022622,Colombia,0.6441602695337919,-0.07148797403674508,6.247791392212425,0
Colombia,2023,376.2,1.0,Colombia,1.527998070022622,Colombia,0.6360322993413375,-0.1525871932771055,5.9327755507593025,0
Colombia,2024,202.0,1.0,Colombia,1.527998070022622,Colombia,0.6461453451375955,-0.14076298671858273,5.313205979041787,0
Costa Rica,2013,274.6,1.0,Costa Rica,0.0741075923808752,Costa Rica,1.8850748367124344,2.201180907344177,5.618950539139504,2
Costa Rica,2014,165.0,1.0,Costa Rica,0.0741075923808752,Costa Rica,1.9635360586994768,2.4053616941058666,5.111987788356544,2
Costa Rica,2015,189.0,1.0,Costa Rica,0.0741075923808752,Costa Rica,2.0479230468066905,2.3474891953031407,5.247024072160486,2
Djibouti,2020,123.5,1.0,Djibouti,-0.6528376464399982,Djibouti,-0.535755268570391,-1.2571389456058404,4.824305715904762,1
Djibouti,2023,0.0,,Djibouti,-0.6528376464399982,Djibouti,-0.43623490094844836,-1.245083416605734,0.0,1
Dominican Republic,2010,0.0,0.0,Dominican Republic,-0.7982266942041729,Dominican Republic,0.30022009188302934,-0.3676083841296715,0.0,1
Dominican Republic,2011,402.7,0.8647197766802662,Dominican Republic,-0.7982266942041729,Dominican Republic,0.3311728119831032,-0.24308541138059228,6.000672027858895,1
Dominican Republic,2012,50.0,0.5555555555555556,Dominican Republic,-0.7982266942041729,Dominican Republic,0.3562328301256977,-0.20182994465475645,3.9318256327243257,2
Dominican Republic,2015,204.5,1.0,Dominican Republic,-0.7982266942041729,Dominican Republic,0.6280441635449964,-0.08250976081452965,5.32544603393629,2
Dominican Republic,2017,125.0,1.0,Dominican Republic,-0.7982266942041729,Dominican Republic,0.7951920610294048,-0.14031045283020382,4.836281906951478,2
Dominican Republic,2018,166.05,1.0,Dominican Republic,-0.7982266942041729,Dominican Republic,0.9221339232621859,-0.11448314708521293,5.118293168802766,2
Dominican Republic,2019,78.0,1.0,Dominican Republic,-0.7982266942041729,Dominican Republic,1.0083423529710391,0.042543557684927985,4.3694478524670215,2
Dominican Republic,2021,45.0,1.0,Dominican Republic,-0.7982266942041729,Dominican Republic,1.0741843836823184,0.40108416734702057,3.828641396489095,2
Dominican Republic,2022,310.0,1.0,Dominican Republic,-0.7982266942041729,Dominican Republic,1.176253925925603,0.5090946150473397,5.739792912179234,2
Dominican Republic,2023,858.02,1.0,Dominican Republic,-0.7982266942041729,Dominican Republic,1.208567569900312,0.5925577875437779,6.755792204600291,2
Dominican Republic,2024,123.6,0.277067921990585,Dominican Republic,-0.7982266942041729,Dominican Republic,1.3121570462209555,0.7281285601458543,4.825108606353353,2
Ecuador,2013,136.7,1.0,Ecuador,-0.7982266942041729,Ecuador,0.3657750933099053,-1.1408258598858705,4.925077405734609,1
Ecuador,2016,111.4,1.0,Ecuador,-0.7982266942041729,Ecuador,0.3530071551805498,-1.0758598428977766,4.722063937459591,1
Ecuador,2017,111.4,1.0,Ecuador,-0.7982266942041729,Ecuador,0.42673141807457937,-0.8834588331646065,4.722063937459591,1
Ecuador,2023,181.0,1.0,Ecuador,-0.7982266942041729,Ecuador,0.44711629451530854,-0.828790690500807,5.204006687076795,1
El Salvador,2015,156.73999999999998,1.0,El Salvador,-0.6528376464399982,El Salvador,-0.2419020413637066,-0.6191377825379069,5.060948107969844,1
El Salvador,2017,160.0,1.0,El Salvador,-0.6528376464399982,El Salvador,-0.19436835383495962,-0.8342853474509802,5.081404364984463,1
El Salvador,2018,143.0,1.0,El Salvador,-0.6528376464399982,El Salvador,-0.16797973395180418,-0.7668103593278717,4.969813299576001,1
El Salvador,2019,0.0,0.0,El Salvador,-0.6528376464399982,El Salvador,-0.13996465144148518,-0.5763306659678796,0.0,1
El Salvador,2020,7.8,1.0,El Salvador,-0.6528376464399982,El Salvador,-0.2366455535135823,-0.44302165335313987,2.174751721484161,1
El Salvador,2022,25.3,1.0,El Salvador,-0.6528376464399982,El Salvador,-0.07846055708971221,-1.0728951146604369,3.269568939183719,1
Eswatini,2021,115.0,1.0,Eswatini,-0.7982266942041729,Eswatini,-0.2625056072333116,-0.4583142387332497,4.7535901911063645,1
Ethiopia,2014,120.0,1.0,Ethiopia,-0.21667050314747416,Ethiopia,-1.1763921086473232,-0.586445311947488,4.795790545596741,1
Ethiopia,2021,271.0,1.0,Ethiopia,-0.21667050314747416,Ethiopia,-1.108690396713102,-1.0355021014405792,5.605802066295998,1
Gabon,2011,234.0,1.0,Gabon,-0.7982266942041729,Gabon,0.5986514086134004,-0.04672411490484613,5.459585514144159,2
Gabon,2012,134.0,1.0,Gabon,-0.7982266942041729,Gabon,0.6287011389730546,0.06782394688252857,4.90527477843843,2
Gabon,2019,167.0,1.0,Gabon,-0.7982266942041729,Gabon,0.6328454347883302,-0.8453455854324843,5.123963979403259,1
Gabon,2021,210.96,1.0,Gabon,-0.7982266942041729,Gabon,0.535026790332996,-0.9620467541362319,5.356397577624562,1
Gabon,2022,152.38,1.0,Gabon,-0.7982266942041729,Gabon,0.5490220060642513,-1.3698568370907693,5.032918502336713,1
Gabon,2023,30.0,1.0,Gabon,-0.7982266942041729,Gabon,0.5530014483143675,-1.334072796100894,3.4339872044851463,1
Georgia,2019,14.4,1.0,Georgia,-0.3620595509116488,Georgia,0.10065142353323668,1.6412585044389498,2.7343675094195836,2
Georgia,2024,235.22,1.0,Georgia,-0.3620595509116488,Georgia,0.6301018141486743,1.4905576579616018,5.464763574183701,2
Ghana,2013,0.0,0.0,Ghana,-0.7982266942041729,Ghana,-0.8405529378070214,1.6121230309921533,0.0,2
Ghana,2014,0.0,0.0,Ghana,-0.7982266942041729,Ghana,-0.8383070681605599,1.4780348431852202,0.0,2
Ghana,2016,0.0,0.0,Ghana,-0.7982266942041729,Ghana,-0.8341339908447455,1.6172563134990119,0.0,2
Ghana,2017,0.0,,Ghana,-0.7982266942041729,Ghana,-0.8050544122106039,1.7922371892836344,0.0,2
Guatemala,2010,0.0,0.0,Guatemala,-0.6528376464399982,Guatemala,-0.3123259253323685,-0.9233605901558386,0.0,1
Guatemala,2012,36.0,1.0,Guatemala,-0.6528376464399982,Guatemala,-0.28084451223484974,-1.0647142231825144,3.6109179126442243,1
Guatemala,2014,410.2,1.0,Guatemala,-0.6528376464399982,Guatemala,-0.23633234371110884,-1.0625613302554506,6.019079714140955,1
Guatemala,2015,94.0,1.0,Guatemala,-0.6528376464399982,Guatemala,-0.21209165441494512,-1.0387182002427637,4.553876891600541,1
Guatemala,2019,56.4,1.0,Guatemala,-0.6528376464399982,Guatemala,-0.14111827547993167,-1.1671805021566,4.050044303325521,1
Guatemala,2024,64.0,1.0,Guatemala,-0.6528376464399982,Guatemala,-0.01860682839357773,-1.0673145811262323,4.174387269895637,1
Guinea,2018,0.0,0.0,Guinea,-0.7982266942041729,Guinea,-1.0771214383702723,-1.39368684688403,0.0,1
Guinea,2020,76.5,1.0,Guinea,-0.7982266942041729,Guinea,-1.0639264961470292,-1.3756355514725327,4.350277936359301,1
Guinea,2024,0.0,,Guinea,-0.7982266942041729,Guinea,-1.034929031575916,-1.4946620216136604,0.0,1
Honduras,2010,318.8,1.0,Honduras,-0.7982266942041729,Honduras,-0.7278943793397427,-1.138826731650694,5.767695800399854,1
Honduras,2011,144.5,1.0,Honduras,-0.7982266942041729,Honduras,-0.7174659578594754,-1.2087414118704605,4.980176086611547,1
Honduras,2013,248.0,1.0,Honduras,-0.7982266942041729,Honduras,-0.6998860385783665,-1.7029034561032195,5.517452896464707,1
Honduras,2014,554.3,1.0,Honduras,-0.7982266942041729,Honduras,-0.6929953692838988,-1.5562089174439255,6.319508508247561,1
Honduras,2015,430.0,1.0,Honduras,-0.7982266942041729,Honduras,-0.6808720746914515,-1.5155876080313475,6.066108090103747,1
Honduras,2016,349.3,1.0,Honduras,-0.7982266942041729,Honduras,-0.668005507819404,-1.5647150459208308,5.858789930203441,1
Honduras,2017,259.6,1.0,Honduras,-0.7982266942041729,Honduras,-0.6484590598113877,-1.3628652981848348,5.562986664690745,1
Honduras,2023,370.0,1.0,Honduras,-0.7982266942041729,Honduras,-0.6068778227934184,-1.5143158562015784,5.916202062607435,1
India,2010,788.4,0.0274114915481234,India,2.254943308843495,India,-0.9802470352597066,1.2928843261689196,6.671273163228746,0
India,2011,2164.75,0.1244298700664181,India,2.254943308843495,India,-0.966824514903214,1.1170876830204923,7.6805220007702495,0
India,2012,3512.1,0.5840941974754278,India,2.254943308843495,India,-0.951947205749304,0.8463991264319969,8.16425411755952,0
India,2013,1210.9,0.6975230414746544,India,2.254943308843495,India,-0.9327725397233542,0.8807415348304836,7.099944654974442,0
India,2014,867.33,1.0,India,2.254943308843495,India,-0.9082506486627482,0.7663994912490603,6.766571826740396,0
India,2015,2012.24,0.9642059666305692,India,2.254943308843495,India,-0.8794466193738195,0.831341327445388,7.60750064357031,0
India,2016,1142.78,1.0,India,2.254943308843495,India,-0.8475260308674387,0.9581226229785512,7.04209384575394,0
India,2017,1165.13,1.0,India,2.254943308843495,India,-0.8202966593190498,1.0556100796029146,7.061445852976939,0
India,2018,1453.96,1.0,India,2.254943308843495,India,-0.7929437081683353,1.19446877116856,7.282733687818762,0
India,2019,856.35,1.0,India,2.254943308843495,India,-0.7777233376326217,1.1013826198755323,6.75384623662486,0
India,2020,1544.45,0.5099803529858509,India,2.254943308843495,India,-0.8151521898457624,0.9106398266617698,7.3430704090591865,0
India,2021,1598.49,1.0,India,2.254943308843495,India,-0.7692629509108422,0.7238932302712742,7.377440107416294,0
India,2022,1421.26,1.0,India,2.254943308843495,India,-0.7308596569027855,0.8933396069715032,7.260002434718712,0
India,2023,4316.1,1.0,India,2.254943308843495,India,-0.68095803419415,0.9453180779042999,8.370339159521613,0
India,2024,2429.89,1.0,India,2.254943308843495,India,-0.6445361379556687,1.0573663700968905,7.796012724423584,0
Indonesia,2010,0.0,0.0,Indonesia,1.527998070022622,Indonesia,-0.5654007362778807,-0.3527319812043023,0.0,0
Indonesia,2011,35.0,0.217391304347826,Indonesia,1.527998070022622,Indonesia,-0.5281792976221296,0.49111350812875576,3.58351893845611,0
Indonesia,2012,1901.0,1.0,Indonesia,1.527998070022622,Indonesia,-0.49035625040105524,0.2609293157962017,7.550661243105336,0
Indonesia,2013,36.7,0.0189497599008622,Indonesia,1.527998070022622,Indonesia,-0.45431601141512323,0.18090528583219065,3.629660094453965,0
Indonesia,2014,1690.5,1.0,Indonesia,1.527998070022622,Indonesia,-0.42094733521462785,0.3686644662522128,7.433370988220763,0
Indonesia,2016,210.8,0.026125322228832,Indonesia,1.527998070022622,Indonesia,-0.3498374758304358,0.4069172082642668,5.355642433167306,0
Indonesia,2017,1162.5,0.1315119633463431,Indonesia,1.527998070022622,Indonesia,-0.31033378480125423,0.41890874108705045,7.059187982742347,0
Indonesia,2018,580.0,0.2226487523992322,Indonesia,1.527998070022622,Indonesia,-0.26762506003915665,0.6419114923774513,6.364750756851911,0
Indonesia,2019,0.0,0.0,Indonesia,1.527998070022622,Indonesia,-0.2244019575329313,0.7057772432172038,0.0,0
Indonesia,2021,150.0,1.0,Indonesia,1.527998070022622,Indonesia,-0.22446392349583497,0.8169436988472495,5.017279836814924,0
Indonesia,2023,171.0,1.0,Indonesia,1.527998070022622,Indonesia,-0.1256503558332869,0.959473564226487,5.147494476813453,0
Indonesia,2024,146.0,1.0,Indonesia,1.527998070022622,Indonesia,-0.07502140623997156,0.6721127128223973,4.990432586778736,0
Iraq,2016,0.0,0.0,Iraq,-0.7982266942041729,Iraq,0.08825961199233955,-2.389745712618321,0.0,1
Jamaica,2010,0.0,0.0,Jamaica,-0.7982266942041729,Jamaica,0.18611441569211026,0.2296451088395085,0.0,2
Jamaica,2015,209.8,1.0,Jamaica,-0.7982266942041729,Jamaica,0.2056871052969489,0.8267685364326246,5.350909816667207,2
Jamaica,2017,60.0,0.1538461538461538,Jamaica,-0.7982266942041729,Jamaica,0.2770109013886146,0.9405199427762361,4.110873864173311,2
Jamaica,2018,64.0,1.0,Jamaica,-0.7982266942041729,Jamaica,0.31507837439881825,0.823189217529347,4.174387269895637,2
Jamaica,2022,24.3,1.0,Jamaica,-0.7982266942041729,Jamaica,0.3866205299252654,0.9894393028126816,3.2308043957334744,2
Jordan,2012,0.0,0.0,Jordan,-0.7982266942041729,Jordan,0.014444472512225573,1.557944255126314,0.0,2
Jordan,2013,290.0,0.2631578947368421,Jordan,-0.7982266942041729,Jordan,-0.020506933162651085,1.4462748443772715,5.673323267171493,2
Jordan,2014,191.0,1.0,Jordan,-0.7982266942041729,Jordan,-0.09979796601802568,1.4052484130822924,5.2574953720277815,2
Jordan,2015,428.0,1.0,Jordan,-0.7982266942041729,Jordan,-0.16896397074062286,1.4642603247023305,6.061456918928017,2
Jordan,2016,477.1,0.5011028253334734,Jordan,-0.7982266942041729,Jordan,-0.20063678890556055,1.5369691836812305,6.169819915632058,2
Jordan,2017,644.7,1.0,Jordan,-0.7982266942041729,Jordan,-0.1984537125417552,1.5927988201840262,6.4703349996324215,2
Jordan,2018,165.0,1.0,Jordan,-0.7982266942041729,Jordan,-0.2019015022150356,1.483444118401636,5.111987788356544,2
Jordan,2019,74.0,1.0,Jordan,-0.7982266942041729,Jordan,-0.20470614674264534,1.4618924393927248,4.31748811353631,2
Kazakhstan,2018,52.4,1.0,Kazakhstan,-0.6528376464399982,Kazakhstan,1.7461048393140062,0.2948424482691851,3.977810745966149,2
Kazakhstan,2019,553.5999999999999,1.0,Kazakhstan,-0.6528376464399982,Kazakhstan,1.8384194533668485,0.15564929141566358,6.318247133181678,2
Kazakhstan,2020,265.48,1.0,Kazakhstan,-0.6528376464399982,Kazakhstan,1.715713183143145,0.1913868432284496,5.585299193885424,2
Kazakhstan,2021,27.9,1.0,Kazakhstan,-0.6528376464399982,Kazakhstan,1.8048155712440839,0.07598734473454953,3.3638415951183864,2
Kazakhstan,2023,194.53,1.0,Kazakhstan,-0.6528376464399982,Kazakhstan,1.9724133961388428,0.2780631186767643,5.275713820338184,2
Kazakhstan,2024,0.0,0.0,Kazakhstan,-0.6528376464399982,Kazakhstan,2.093599997310575,0.26941082212839434,0.0,2
Kenya,2011,0.0,0.0,Kenya,0.6556637834375739,Kenya,-0.9411159070241556,-0.847362889384481,0.0,1
Kenya,2012,0.0,0.0,Kenya,0.6556637834375739,Kenya,-0.9336833444908228,-0.662590330982839,0.0,1
Kenya,2013,377.97,0.7078487555480645,Kenya,0.6556637834375739,Kenya,-0.9285861963988146,-0.5571542415253572,5.937457046276627,1
Kenya,2014,800.94,1.0,Kenya,0.6556637834375739,Kenya,-0.917995250581367,-0.12032814465502485,6.687033792100304,1
Kenya,2018,300.0,1.0,Kenya,0.6556637834375739,Kenya,-0.8757790535988008,-0.02793600080974064,5.707110264748875,1
Kenya,2019,220.2,1.0,Kenya,0.6556637834375739,Kenya,-0.8616144823609085,-0.13907229732173784,5.39906726964818,1
Kenya,2020,147.16,1.0,Kenya,0.6556637834375739,Kenya,-0.872125536602318,-0.18378624586368067,4.998292770897869,1
Kenya,2022,155.6,1.0,Kenya,0.6556637834375739,Kenya,-0.8321919003017229,0.17039150967079758,5.053694783556702,1
Kenya,2024,77.0,1.0,Kenya,0.6556637834375739,Kenya,-0.7996865460198114,0.07839619562224139,4.356708826689592,1
Lebanon,2016,0.0,0.0,Lebanon,-0.7982266942041729,Lebanon,0.9800518203761434,-0.812483461444084,0.0,1
Lesotho,2022,9.96,1.0,Lesotho,-0.7982266942041729,Lesotho,-1.0575842936797197,0.07722848271899077,2.3942522815198695,1
Lesotho,2024,2.3,1.0,Lesotho,-0.7982266942041729,Lesotho,-1.0507791793768066,0.21177610556947585,1.1939224684724346,1
Liberia,2010,0.0,,Liberia,-0.7982266942041729,Liberia,-1.1574881314795287,-0.9109692183116889,0.0,1
Madagascar,2020,19.0,1.0,Madagascar,-0.3620595509116488,Madagascar,-1.214950419943504,-0.8287557032490039,2.995732273553991,1
Madagascar,2022,29.72,1.0,Madagascar,-0.3620595509116488,Madagascar,-1.2104449548711769,-1.0780182594238452,3.4249139082794713,1
Madagascar,2023,48.0,1.0,Madagascar,-0.3620595509116488,Madagascar,-1.2083302629321573,-1.0515185992741791,3.8918202981106265,1
Malawi,2019,67.0,1.0,Malawi,-0.7982266942041729,Malawi,-1.1724900758791958,0.4460683442615468,4.219507705176107,1
Malawi,2022,27.6,1.0,Malawi,-0.7982266942041729,Malawi,-1.1751573172591714,0.6517303516365429,3.353406717825807,1
Malaysia,2011,24.0,1.0,Malaysia,-0.6528376464399982,Malaysia,1.09019778540835,1.4667281028956205,3.2188758248682006,2
Malaysia,2012,193.9,1.0,Malaysia,-0.6528376464399982,Malaysia,1.1798343681478862,1.69835621483029,5.272486606513515,2
Malaysia,2013,41.0,0.0319563522992985,Malaysia,-0.6528376464399982,Malaysia,1.2533112465416216,1.5890728651076729,3.7376696182833684,2
Malaysia,2014,52.0,1.0,Malaysia,-0.6528376464399982,Malaysia,1.3622269692030493,1.7048698888635514,3.970291913552122,2
Malaysia,2015,15.5,0.0057610109645047,Malaysia,-0.6528376464399982,Malaysia,1.4509229895664426,1.4104638674832939,2.803360380906535,2
Malaysia,2016,22.0,1.0,Malaysia,-0.6528376464399982,Malaysia,1.5239719971407928,1.374855230854042,3.1354942159291497,2
Malaysia,2017,365.3,1.0,Malaysia,-0.6528376464399982,Malaysia,1.6373261461937674,1.4483803119240242,5.903452669784769,2
Malaysia,2018,143.25,1.0,Malaysia,-0.6528376464399982,Malaysia,1.7287623355836108,1.806893303591098,4.971547905388209,2
Malaysia,2019,95.03,1.0,Malaysia,-0.6528376464399982,Malaysia,1.8133664605229514,1.9278118805649076,4.564660642649882,2
Malaysia,2021,494.5,0.3713856552760045,Malaysia,-0.6528376464399982,Malaysia,1.6646339524696843,1.8419693074592456,6.205567353770043,2
Malaysia,2022,47.66,1.0,Malaysia,-0.6528376464399982,Malaysia,1.8967798477570055,1.8273764804895234,3.8848573373553763,2
Malaysia,2023,130.79,1.0,Malaysia,-0.6528376464399982,Malaysia,1.9701009237255362,1.8420855571506336,4.881209746655798,2
Malaysia,2024,19.32,1.0,Malaysia,-0.6528376464399982,Malaysia,2.0967805832378708,1.9421027017498596,3.011605622710281,2
Maldives,2022,0.0,,Maldives,-0.7982266942041729,Maldives,1.8240616875740514,1.391557898776993,0.0,2
Mali,2017,0.0,0.0,Mali,-0.7982266942041729,Mali,-1.0832895705476042,-0.5891402799138555,0.0,1
Mali,2018,104.5,1.0,Mali,-0.7982266942041729,Mali,-1.079123643044307,-0.5822737241379277,4.658710952916121,1
Mali,2020,128.0,1.0,Mali,-0.7982266942041729,Mali,-1.085073008393144,-0.7711269650163687,4.859812404361672,1
Mali,2021,56.0,1.0,Mali,-0.7982266942041729,Mali,-1.0850894552378216,-0.8841226681199705,4.04305126783455,1
Mauritius,2014,69.5,1.0,Mauritius,-0.7982266942041729,Mauritius,1.3501912768947149,3.357311773060284,4.255612709818223,2
Mauritius,2023,23.17,1.0,Mauritius,-0.7982266942041729,Mauritius,1.9420837314693171,2.674552472658376,3.1851121947153915,2
Mexico,2010,439.7,1.0,Mexico,0.6556637834375739,Mexico,1.3759053661296834,-0.023840606568039848,6.088364371847941,0
Mexico,2011,787.0,0.652029826014913,Mexico,0.6556637834375739,Mexico,1.429902481379717,-0.2748092727442091,6.669498089857879,0
Mexico,2012,2129.5,1.0,Mexico,0.6556637834375739,Mexico,1.489596795962094,-0.22164766830367968,7.664111972939967,0
Mexico,2013,1981.6,1.0,Mexico,0.6556637834375739,Mexico,1.476938281883813,-0.3428808898057436,7.5921643935987975,0
Mexico,2014,1386.7,1.0,Mexico,0.6556637834375739,Mexico,1.512703038539017,-0.19454746053639083,7.235402979376965,0
Mexico,2016,295.0,1.0,Mexico,0.6556637834375739,Mexico,1.5814815247561713,-0.3890118354200315,5.69035945432406,0
Mexico,2017,3729.4,0.6253395486099467,Mexico,0.6556637834375739,Mexico,1.6084329875296521,-0.5326732628838557,8.224270745494112,0
Mexico,2018,3597.65,1.0,Mexico,0.6556637834375739,Mexico,1.6382237054398772,-0.7082190035690485,8.188314054114118,0
Mexico,2019,2717.21,1.0,Mexico,0.6556637834375739,Mexico,1.5985136058720244,-0.8687545980115826,7.907728854419638,0
Mexico,2020,211.5,1.0,Mexico,0.6556637834375739,Mexico,1.3312831385948578,-1.123458648167975,5.358941988364472,0
Mexico,2021,448.46,1.0,Mexico,0.6556637834375739,Mexico,1.473859761549071,-1.211281237588773,6.108046862187846,0
Mexico,2023,14.65,1.0,Mexico,0.6556637834375739,Mexico,1.6273321042378608,-1.333016491380945,2.750470916986162,0
Mexico,2024,551.0,1.0,Mexico,0.6556637834375739,Mexico,1.6438850359610633,-1.5083207718811051,6.313548046277095,0
Mongolia,2012,120.0,1.0,Mongolia,-0.6528376464399982,Mongolia,-0.37834195006643734,0.609695041001927,4.795790545596741,2
Mongolia,2016,128.0,1.0,Mongolia,-0.6528376464399982,Mongolia,-0.23393289250727942,0.8158641495387569,4.859812404361672,2
Mongolia,2017,120.0,1.0,Mongolia,-0.6528376464399982,Mongolia,-0.19397398109075242,0.7577824093161316,4.795790545596741,2
Mongolia,2018,54.0,1.0,Mongolia,-0.6528376464399982,Mongolia,-0.12819205129465105,0.7335730499777126,4.007333185232471,2
Mongolia,2019,18.7,1.0,Mongolia,-0.6528376464399982,Mongolia,-0.08370348320152703,0.6784793093296354,2.9806186357439426,2
Montenegro,2015,154.6,1.0,Montenegro,-0.7982266942041729,Montenegro,0.5182538431347653,1.11798447208591,5.047288611744291,2
Montenegro,2018,99.75,1.0,Montenegro,-0.7982266942041729,Montenegro,0.7316415048609531,1.2973459363620214,4.612642200826793,2
Morocco,2011,342.75,1.0,Morocco,-0.07128145538329948,Morocco,-0.5050871772816141,0.26844405855937054,5.839914648980781,1
Morocco,2012,467.0,0.2484042553191489,Morocco,-0.07128145538329948,Morocco,-0.49124278107431296,0.3840813392970787,6.148468295917647,2
Morocco,2013,1438.0,1.0,Morocco,-0.07128145538329948,Morocco,-0.4679135724045531,0.1501454195509288,7.271703706887368,1
Morocco,2014,0.0,0.0,Morocco,-0.07128145538329948,Morocco,-0.4554092841768788,0.29025261835779853,0.0,1
Morocco,2015,1900.0,1.0,Morocco,-0.07128145538329948,Morocco,-0.4280191165821193,0.2988225156483874,7.550135342488429,1
Morocco,2017,220.0,1.0,Morocco,-0.07128145538329948,Morocco,-0.4001643979742088,0.29280188635431187,5.3981627015177525,1
Morocco,2018,261.86,1.0,Morocco,-0.07128145538329948,Morocco,-0.3822293426176848,0.399982282904541,5.571621571053862,2
Morocco,2019,25.8,1.0,Morocco,-0.07128145538329948,Morocco,-0.3648837767472478,0.4113946937891311,3.288401887516811,2
Morocco,2020,1038.77,1.0,Morocco,-0.07128145538329948,Morocco,-0.4440140629921444,0.42336736880417614,6.946754813831147,2
Morocco,2022,167.92000000000002,1.0,Morocco,-0.07128145538329948,Morocco,-0.3735028382555095,0.11370167627419338,5.129425230065743,1
Mozambique,2013,0.0,0.0,Mozambique,-0.6528376464399982,Mozambique,-1.1755161494067825,-1.0275753356398385,0.0,1
Mozambique,2014,0.0,0.0,Mozambique,-0.6528376464399982,Mozambique,-1.1680399585241044,-0.934623837118656,0.0,1
Mozambique,2017,84.0,0.2352941176470588,Mozambique,-0.6528376464399982,Mozambique,-1.1584664343267934,-1.1345639977704014,4.442651256490317,1
Mozambique,2019,56.0,1.0,Mozambique,-0.6528376464399982,Mozambique,-1.1588300540571543,-1.0749759466881461,4.04305126783455,1
Mozambique,2020,40.0,1.0,Mozambique,-0.6528376464399982,Mozambique,-1.1661509282900684,-1.247716234052558,3.713572066704308,1
Mozambique,2021,652.3,1.0,Mozambique,-0.6528376464399982,Mozambique,-1.1671877757365574,-1.2664039871623698,6.482036441846705,1
Mozambique,2023,30.0,1.0,Mozambique,-0.6528376464399982,Mozambique,-1.1607678368253262,-1.3882294775707174,3.4339872044851463,1
Mozambique,2024,270.0,1.0,Mozambique,-0.6528376464399982,Mozambique,-1.1621630906897351,-1.602893894750083,5.602118820879701,1
Myanmar,2013,0.0,0.0,Myanmar,-0.7982266942041729,Myanmar,-1.0410640750543119,-1.7634801244125433,0.0,1
Myanmar,2017,0.0,0.0,Myanmar,-0.7982266942041729,Myanmar,-0.9642372989254568,-1.36417895179591,0.0,1
Myanmar,2018,293.0,1.0,Myanmar,-0.7982266942041729,Myanmar,-0.9437199258351563,-1.5536044134573717,5.683579767338681,1
Namibia,2017,51.37,1.0,Namibia,-0.7982266942041729,Namibia,-0.04356217482488172,1.6551575646988994,3.9583339082913964,2
Namibia,2018,77.0,1.0,Namibia,-0.7982266942041729,Namibia,-0.0655976405338574,1.5694461937874973,4.356708826689592,2
Namibia,2024,20.0,1.0,Namibia,-0.7982266942041729,Namibia,-0.1713930388538754,1.9023296192041916,3.044522437723423,2
Nepal,2010,43.6,1.0,Nepal,-0.5074485986758235,Nepal,-1.1287418438796932,-1.0342925001303545,3.7977338590260183,1
Nepal,2011,21.3,1.0,Nepal,-0.5074485986758235,Nepal,-1.1225719630238,-0.8732221865309668,3.104586678466073,1
Nepal,2012,0.0,,Nepal,-0.5074485986758235,Nepal,-1.1131249028234098,-0.22144994218339922,0.0,1
Nepal,2014,158.89999999999998,1.0,Nepal,-0.5074485986758235,Nepal,-1.09250617967482,-0.1785314174300702,5.074548619839908,1
Nepal,2016,26.07,1.0,Nepal,-0.5074485986758235,Nepal,-1.084264060261327,-0.15638863308173703,3.29842610362621,1
Nepal,2017,151.1,1.0,Nepal,-0.5074485986758235,Nepal,-1.062109980018204,0.12579887969196651,5.024538199265247,1
Nepal,2018,21.4,1.0,Nepal,-0.5074485986758235,Nepal,-1.0418661360551342,0.3024644531728197,3.109060958860994,1
Nepal,2022,16.84,1.0,Nepal,-0.5074485986758235,Nepal,-1.0153859369941054,0.3786996954500144,2.8814431271518632,1
Nicaragua,2010,425.0,1.0,Nicaragua,-0.7982266942041729,Nicaragua,-0.8446614555647787,-0.783110901218729,6.054439346269371,1
Nicaragua,2011,143.0,1.0,Nicaragua,-0.7982266942041729,Nicaragua,-0.8208945372934122,-0.6409320719243806,4.969813299576001,1
Nicaragua,2012,130.0,1.0,Nicaragua,-0.7982266942041729,Nicaragua,-0.7950189473944124,-0.7681958197260002,4.875197323201151,1
Nicaragua,2014,76.0,1.0,Nicaragua,-0.7982266942041729,Nicaragua,-0.757317561818605,-0.9367258540878233,4.343805421853684,1
Nicaragua,2023,12.5,1.0,Nicaragua,-0.7982266942041729,Nicaragua,-0.6895640766651452,-2.5260645918399853,2.6026896854443837,1
Nicaragua,2024,12.5,1.0,Nicaragua,-0.7982266942041729,Nicaragua,-0.6753041163933426,-2.5805916219297136,2.6026896854443837,1
Nigeria,2013,0.0,0.0,Nigeria,0.6556637834375739,Nigeria,-0.6161050630416327,-1.5819630120970323,0.0,1
Nigeria,2015,0.0,0.0,Nigeria,0.6556637834375739,Nigeria,-0.589985243324242,-1.064100100618187,0.0,1
Nigeria,2017,70.0,1.0,Nigeria,0.6556637834375739,Nigeria,-0.631601607388043,-0.6795091414808607,4.2626798770413155,1
Nigeria,2021,40.0,1.0,Nigeria,0.6556637834375739,Nigeria,-0.6995211413962693,-0.9845725659709481,3.713572066704308,1
Nigeria,2023,116.0,1.0,Nigeria,0.6556637834375739,Nigeria,-0.6780643519588694,-1.0041868125369486,4.762173934797756,1
Nigeria,2024,20.0,1.0,Nigeria,0.6556637834375739,Nigeria,-0.6654282798214622,-1.1701397201692676,3.044522437723423,1
Pakistan,2011,197.1,0.2827427915650553,Pakistan,-0.3620595509116488,Pakistan,-0.9725398309655394,-1.5005535217348935,5.288771953704505,1
Pakistan,2012,806.2,1.0,Pakistan,-0.3620595509116488,Pakistan,-0.968593664547513,-1.30128088735407,6.693571469039399,1
Pakistan,2013,350.1,1.0,Pakistan,-0.3620595509116488,Pakistan,-0.9587075558826633,-1.2665110219391964,5.861071083174386,1
Pakistan,2015,515.5,1.0,Pakistan,-0.3620595509116488,Pakistan,-0.9382580359131034,-0.9581032923029708,6.247075288559693,1
Pakistan,2016,130.4,0.105297157622739,Pakistan,-0.3620595509116488,Pakistan,-0.9175348794733472,-0.9537988973793423,4.8782461060505105,1
Pakistan,2017,569.45,0.2269222339556476,Pakistan,-0.3620595509116488,Pakistan,-0.905087847179723,-0.8445130199080294,6.346425523042378,1
Pakistan,2018,102.2,0.0864489934021316,Pakistan,-0.3620595509116488,Pakistan,-0.8858951817076625,-0.7849912653881536,4.636668853047462,1
Pakistan,2019,798.61,0.6056453386520654,Pakistan,-0.3620595509116488,Pakistan,-0.8823839188427777,-0.7220273724855434,6.684124108801169,1
Pakistan,2020,39.75,0.0203663379018829,Pakistan,-0.3620595509116488,Pakistan,-0.8962040351996132,-0.7236351945229968,3.7074558396868715,1
Pakistan,2021,250.0,1.0,Pakistan,-0.3620595509116488,Pakistan,-0.8762594602403864,-0.747008992486653,5.5254529391317835,1
Palau,2022,22.0,1.0,Palau,-0.7982266942041729,Palau,2.3674161627084507,3.8452453241352367,3.1354942159291497,2
Papua New Guinea,2023,1.2,1.0,Papua New Guinea,-0.7982266942041729,Papua New Guinea,-0.6103404175436482,-0.028029447265530572,0.7884573603642702,1
Peru,2011,174.6,0.3198387983147097,Peru,1.091830926730098,Peru,0.23867187934712072,0.12722094563603714,5.168208681201016,0
Peru,2012,217.5,0.1939366919304503,Peru,1.091830926730098,Peru,0.32148382124688724,0.0244805062358405,5.3867860145356445,0
Peru,2013,459.7,0.7602116752108483,Peru,1.091830926730098,Peru,0.40280232860836623,-0.1299573425158688,6.132747071941871,0
Peru,2014,138.0,0.2197452229299363,Peru,1.091830926730098,Peru,0.42662915871457696,-0.12685679793982194,4.9344739331306915,0
Peru,2015,440.7,0.4393599521459548,Peru,1.091830926730098,Peru,0.4635561697355255,0.10719030262598955,6.090630918602481,0
Peru,2016,216.6,1.0,Peru,1.091830926730098,Peru,0.5099467302556021,0.36679032114704263,5.382658514981787,0
Peru,2017,280.5,1.0,Peru,1.091830926730098,Peru,0.5287767019924752,0.28539118251766155,5.640132447579745,0
Peru,2018,311.2,1.0,Peru,1.091830926730098,Peru,0.567995776515544,0.08670712572756309,5.743644008081332,0
Peru,2019,54.0,1.0,Peru,1.091830926730098,Peru,0.5775651056300185,0.09702617161898472,4.007333185232471,0
Peru,2022,814.4,1.0,Peru,1.091830926730098,Peru,0.5894864703881283,0.02609960283494117,6.703678790385153,0
Peru,2023,447.0,1.0,Peru,1.091830926730098,Peru,0.5607301408398375,0.04563581017530297,6.104793232414985,0
Peru,2024,286.0,1.0,Peru,1.091830926730098,Peru,0.6021073940739146,-0.0165374056098264,5.659482215759621,0
Philippines,2010,28.25,0.019097515632922,Philippines,0.6556637834375739,Philippines,-0.6514153691906533,-0.35121692353172107,3.3758795736778655,1
Philippines,2011,79.0,0.2742103436306837,Philippines,0.6556637834375739,Philippines,-0.6388141168564613,-0.05507764225672516,4.382026634673881,1
Philippines,2012,478.03,1.0,Philippines,0.6556637834375739,Philippines,-0.6050089005664053,0.023771546285224106,6.171763225929875,1
Philippines,2013,239.29,0.1986979880261399,Philippines,0.6556637834375739,Philippines,-0.570139054665868,0.06585796024137569,5.481846527228154,1
Philippines,2014,480.0,1.0,Philippines,0.6556637834375739,Philippines,-0.5347400249210059,0.3166553814740883,6.175867270105761,1
Philippines,2015,320.7,0.0767197349377414,Philippines,0.6556637834375739,Philippines,-0.49632623859926456,0.15796837378879117,5.7736194342449805,1
Philippines,2016,318.0,0.1283085861846352,Philippines,0.6556637834375739,Philippines,-0.4482204142575036,0.05900546088809471,5.765191102784844,1
Philippines,2017,0.0,0.0,Philippines,0.6556637834375739,Philippines,-0.39877562758268637,-0.2133671113057129,0.0,1
Philippines,2018,19.12,1.0,Philippines,0.6556637834375739,Philippines,-0.35153470260082237,-0.3250427411190099,3.0017143452315387,1
Philippines,2019,52.5,1.0,Philippines,0.6556637834375739,Philippines,-0.30387214537852236,-0.3418372505779427,3.979681653901961,1
Philippines,2020,59.61,1.0,Philippines,0.6556637834375739,Philippines,-0.41287209938719943,-0.3096935288183605,4.104459895963194,1
Philippines,2021,401.71,1.0,Philippines,0.6556637834375739,Philippines,-0.3688609127791233,-0.4030082608149668,5.9982166999305155,1
Philippines,2022,245.18,1.0,Philippines,0.6556637834375739,Philippines,-0.30334633761500407,-0.3075438724795741,5.506062975682149,1
Philippines,2023,2081.56,1.0,Philippines,0.6556637834375739,Philippines,-0.2550911112594166,-0.23609340437304663,7.641353185150564,1
Philippines,2024,4144.24,1.0,Philippines,0.6556637834375739,Philippines,-0.20290286342064426,-0.17350563780164852,8.329715966978837,1
Russian Federation,2012,50.677,1.0,Russian Federation,0.21949664014504988,Russian Federation,1.3975610386583939,-1.0737946588381906,3.945012808253803,0
Russian Federation,2015,282.0,1.0,Russian Federation,0.21949664014504988,Russian Federation,1.3437287120512227,-0.9443057432208447,5.645446897643238,0
Russian Federation,2016,207.01,1.0,Russian Federation,0.21949664014504988,Russian Federation,1.341303029130003,-0.848180502406064,5.3375861554687365,0
Russian Federation,2017,161.0,1.0,Russian Federation,0.21949664014504988,Russian Federation,1.3845299065482257,-0.7793324786390039,5.087596335232384,0
Russian Federation,2018,487.42,1.0,Russian Federation,0.21949664014504988,Russian Federation,1.4584669569112392,-0.7685038038370526,6.19117569143907,0
Russian Federation,2019,652.3100000000001,1.0,Russian Federation,0.21949664014504988,Russian Federation,1.5183502280134913,-0.847592152178978,6.482051748632969,0
Russian Federation,2020,307.95,0.6324057911489885,Russian Federation,0.21949664014504988,Russian Federation,1.4461971664159443,-0.7522766870273869,5.733179451506989,0
Russian Federation,2021,101.02,1.0,Russian Federation,0.21949664014504988,Russian Federation,1.6192821719656907,-0.9303546568104698,4.625168872494781,0
Rwanda,2010,0.0,0.0,Rwanda,-0.6528376464399982,Rwanda,-1.1685876241424864,0.08796000637526268,0.0,1
Rwanda,2011,0.0,0.0,Rwanda,-0.6528376464399982,Rwanda,-1.1595812544087079,0.18850404614728153,0.0,1
Rwanda,2012,12.0,1.0,Rwanda,-0.6528376464399982,Rwanda,-1.1487992449104534,0.4044406832580275,2.5649493574615367,1
Rwanda,2014,60.1,1.0,Rwanda,-0.6528376464399982,Rwanda,-1.1375998594954928,0.6437421307815072,4.11251186617755,1
Rwanda,2017,362.0,1.0,Rwanda,-0.6528376464399982,Rwanda,-1.1143504802902777,0.8285512947290914,5.8944028342648505,2
Rwanda,2023,40.0,1.0,Rwanda,-0.6528376464399982,Rwanda,-1.0469468473600143,1.3121887429660877,3.713572066704308,2
Rwanda,2024,7.3,1.0,Rwanda,-0.6528376464399982,Rwanda,-1.0278414338231805,1.3784799021162129,2.1162555148025524,2
Senegal,2010,22.0,1.0,Senegal,-0.7982266942041729,Senegal,-1.0038334103535156,0.36059958372770734,3.1354942159291497,1
Senegal,2015,0.0,0.0,Senegal,-0.7982266942041729,Senegal,-0.9852036383578608,0.8315335299666645,0.0,2
Senegal,2016,75.50999999999999,1.0,Senegal,-0.7982266942041729,Senegal,-0.9738177705535852,0.9943239832413632,4.3374214512437606,2
Senegal,2017,25.9,0.4117647058823529,Senegal,-0.7982266942041729,Senegal,-0.9580115892286593,0.849386885268574,3.292126286607793,2
Senegal,2018,493.6,1.0,Senegal,-0.7982266942041729,Senegal,-0.9455901332705728,0.8307400977368476,6.203749355087316,2
Senegal,2019,53.9,1.0,Senegal,-0.7982266942041729,Senegal,-0.9385069621204555,0.8903458698086437,4.005513348515485,2
Senegal,2023,134.92000000000002,0.4535888384602455,Senegal,-0.7982266942041729,Senegal,-0.915575777393076,0.7555841774045065,4.912066477363677,2
Senegal,2024,110.7,0.1890046098685333,Senegal,-0.7982266942041729,Senegal,-0.9002821748779646,0.676541863512392,4.715816706075155,2
Sierra Leone,2011,30.0,1.0,Sierra Leone,-0.7982266942041729,Sierra Leone,-1.0624268348106392,-0.656067442035017,3.4339872044851463,1
Sierra Leone,2018,0.0,0.0,Sierra Leone,-0.7982266942041729,Sierra Leone,-1.0436712952350422,-0.5480496250779147,0.0,1
Sierra Leone,2023,1.2,1.0,Sierra Leone,-0.7982266942041729,Sierra Leone,-1.0152952753642657,-0.755697653842994,0.7884573603642702,1
Sierra Leone,2024,0.0,0.0,Sierra Leone,-0.7982266942041729,Sierra Leone,-1.0085273485258126,-0.7825835646929905,0.0,1
Solomon Islands,2012,0.0,,Solomon Islands,-0.6528376464399982,Solomon Islands,-0.7286338008573622,0.24128032271637018,0.0,1
Solomon Islands,2019,233.37,1.0,Solomon Islands,-0.6528376464399982,Solomon Islands,-0.7467870824437676,0.9574617704991624,5.456901063163783,2
South Africa,2010,0.0,0.0,South Africa,0.36488568790922454,South Africa,0.3832928071591952,1.2973093308160795,0.0,2
South Africa,2012,5648.61,1.0,South Africa,0.36488568790922454,South Africa,0.4317261776354902,1.171445768551822,8.639341795209372,2
South Africa,2013,2630.69,1.0,South Africa,0.36488568790922454,South Africa,0.44597735344919376,1.2044929531683546,7.875381504353448,2
South Africa,2014,87.0,1.0,South Africa,0.36488568790922454,South Africa,0.44139132460018055,1.3098503213092803,4.477336814478207,2
South Africa,2015,3906.44,1.0,South Africa,0.36488568790922454,South Africa,0.4290434699396419,1.249066484601476,8.27063770709137,2
South Africa,2016,779.4,1.0,South Africa,0.36488568790922454,South Africa,0.42413728784573607,1.3090515928440987,6.659806608748956,2
South Africa,2018,4347.23,1.0,South Africa,0.36488568790922454,South Africa,0.43048720484402636,0.9903777529214352,8.377524144726141,2
South Africa,2021,826.3,1.0,South Africa,0.36488568790922454,South Africa,0.3246236341261821,1.426354927459608,6.7181673861961375,2
South Africa,2022,1307.03,1.0,South Africa,0.36488568790922454,South Africa,0.3350133834794715,1.226161109232293,7.176277467533939,2
South Africa,2023,1216.22,1.0,South Africa,0.36488568790922454,South Africa,0.3262536915279745,1.2386429316819256,7.104324849041293,2
South Africa,2024,1621.59,1.0,South Africa,0.36488568790922454,South Africa,0.31438461161678105,1.188412699895403,7.391778916993619,2
Sri Lanka,2010,159.4,0.2329047340736411,Sri Lanka,-0.5074485986758235,Sri Lanka,-0.47229750782908864,0.6169204434724737,5.077670695432414,2
Sri Lanka,2011,116.96,1.0,Sri Lanka,-0.5074485986758235,Sri Lanka,-0.4031322424986182,0.48824452673226354,4.770345583947075,2
Sri Lanka,2012,354.90000000000003,1.0,Sri Lanka,-0.5074485986758235,Sri Lanka,-0.3301938549957786,0.8170325445329251,5.874649792516147,2
Sri Lanka,2014,13.585,1.0,Sri Lanka,-0.5074485986758235,Sri Lanka,-0.20156909658296038,0.31782401720622755,2.679993603319685,2
Sri Lanka,2023,8.32,1.0,Sri Lanka,-0.5074485986758235,Sri Lanka,-0.19145571571186398,0.4213714637829458,2.2321626286975,2
Thailand,2010,456.21,0.4322786231441184,Thailand,-0.21667050314747416,Thailand,0.12479286639547955,0.5542023841613725,6.125142803947428,2
Thailand,2011,514.5,0.3027360988526037,Thailand,-0.21667050314747416,Thailand,0.12793672804559947,0.8544006948700981,6.245137303457015,2
Thailand,2012,792.7,0.3813074221944297,Thailand,-0.21667050314747416,Thailand,0.22434561535346523,0.8820015439969943,6.67670555609683,2
Thailand,2013,261.19,0.4238789983608951,Thailand,-0.21667050314747416,Thailand,0.2569209842857465,0.6335091754634252,5.569069431776972,2
Thailand,2014,311.03,0.0715829349854891,Thailand,-0.21667050314747416,Thailand,0.2641028953792141,0.23179384234940437,5.743099337033152,2
Thailand,2015,1312.735,0.7949345242600864,Thailand,-0.21667050314747416,Thailand,0.3066919324776053,0.28286931852686076,7.1806295044285475,2
Thailand,2016,197.28,0.4553175775480059,Thailand,-0.21667050314747416,Thailand,0.35550511239758886,0.3927373271610062,5.289680173152373,2
Thailand,2017,1254.47,0.9143567279167912,Thailand,-0.21667050314747416,Thailand,0.4187765085462294,0.41331901938694815,7.135265283449549,2
Thailand,2018,171.62,0.1005967104723274,Thailand,-0.21667050314747416,Thailand,0.48739188850377413,0.46022036663181554,5.151092646791511,2
Thailand,2019,0.0,0.0,Thailand,-0.21667050314747416,Thailand,0.5221648089804223,0.6867175098190159,0.0,2
Thailand,2020,93.5,0.4078694817658349,Thailand,-0.21667050314747416,Thailand,0.40676825982797443,0.678816984457127,4.548599834499697,2
Thailand,2022,0.0,0.0,Thailand,-0.21667050314747416,Thailand,0.47715867114432964,0.5302798373668796,0.0,2
Thailand,2024,1798.7,1.0,Thailand,-0.21667050314747416,Thailand,0.562597057564593,0.6516000722711717,7.4953752633271575,2
Togo,2020,182.23,1.0,Togo,-0.5074485986758235,Togo,-1.1035920814100042,-0.2704208602686596,5.2107421942920835,1
Togo,2022,76.12,1.0,Togo,-0.5074485986758235,Togo,-1.088217301289445,-0.4068835938024002,4.34536265030229,1
Tonga,2011,6.4,1.0,Tonga,-0.5074485986758235,Tonga,-0.2123047395327709,1.3662547197181263,2.0014800002101243,2
Tunisia,2019,10.0,1.0,Tunisia,-0.6528376464399982,Tunisia,-0.13702725407570676,1.0858421412568278,2.3978952727983707,2
Tunisia,2020,40.0,1.0,Tunisia,-0.6528376464399982,Tunisia,-0.2537703401332429,1.1208582949904886,3.713572066704308,2
Tunisia,2022,104.98,1.0,Tunisia,-0.6528376464399982,Tunisia,-0.18520675288382077,0.6026089054476738,4.663250397064616,2
Tunisia,2023,86.0,1.0,Tunisia,-0.6528376464399982,Tunisia,-0.190758165816171,0.42299768890085765,4.465908118654584,2
Tunisia,2024,104.1,1.0,Tunisia,-0.6528376464399982,Tunisia,-0.17952571470509565,0.308664846859664,4.6549122778829055,2
Uganda,2012,34.0,1.0,Uganda,-0.7982266942041729,Uganda,-1.0991768402307864,-0.002545112883395123,3.5553480614894135,1
Uganda,2015,45.4,1.0,Uganda,-0.7982266942041729,Uganda,-1.0878050712235265,-0.2568795098851328,3.8372994592322094,1
Uganda,2016,64.03999999999999,1.0,Uganda,-0.7982266942041729,Uganda,-1.0844202642085168,-0.3243701459763636,4.175002465239555,1
Uganda,2017,19.3,1.0,Uganda,-0.7982266942041729,Uganda,-1.085447369467739,-0.36516454599017756,3.0106208860477417,1
Uganda,2019,87.0,1.0,Uganda,-0.7982266942041729,Uganda,-1.0710440991846752,-0.5286711011086376,4.477336814478207,1
Uganda,2022,22.0,1.0,Uganda,-0.7982266942041729,Uganda,-1.0675318046298878,-0.5304177219607725,3.1354942159291497,1
Uganda,2023,19.0,1.0,Uganda,-0.7982266942041729,Uganda,-1.0609863598143423,-0.5851277530315471,2.995732273553991,1
Uganda,2024,95.0,1.0,Uganda,-0.7982266942041729,Uganda,-1.0522180599865552,-0.5522838181342988,4.564348191467836,1
Ukraine,2010,0.0,0.0,Ukraine,0.5102747356733992,Ukraine,-0.6766153549257801,-0.713823009055437,0.0,1
Ukraine,2011,760.6,1.0,Ukraine,0.5102747356733992,Ukraine,-0.638418609070168,-0.6164032265496219,6.635421483477155,1
Ukraine,2012,940.2,1.0,Ukraine,0.5102747356733992,Ukraine,-0.6358732786898281,-0.4037683107127888,6.847155656853207,1
Ukraine,2017,24.5,1.0,Ukraine,0.5102747356733992,Ukraine,-0.6963169034287512,-0.17851899267589427,3.2386784521643803,1
Ukraine,2018,669.22,1.0,Ukraine,0.5102747356733992,Ukraine,-0.6700463849045688,-0.04077966580429815,6.507606016696209,1
Ukraine,2019,1348.86,1.0,Ukraine,0.5102747356733992,Ukraine,-0.6442100822476521,-0.20021752184718855,7.207756162351171,1
Ukraine,2020,15.0,1.0,Ukraine,0.5102747356733992,Ukraine,-0.6655847198664808,-0.15749719131575032,2.772588722239781,1
Ukraine,2021,1451.0,1.0,Ukraine,0.5102747356733992,Ukraine,-0.6359649190491439,-0.1610578797749294,7.280697195384741,1
Uzbekistan,2019,12.0,1.0,Uzbekistan,-0.5074485986758235,Uzbekistan,-0.39533143982655183,-1.0251303473078146,2.5649493574615367,1
Uzbekistan,2020,120.0,1.0,Uzbekistan,-0.5074485986758235,Uzbekistan,-0.39831285162467656,-0.9529048634262606,4.795790545596741,1
Uzbekistan,2021,0.0,0.0,Uzbekistan,-0.5074485986758235,Uzbekistan,-0.34234913986330506,-0.46399120119921944,0.0,1
Uzbekistan,2022,1945.4,1.0,Uzbekistan,-0.5074485986758235,Uzbekistan,-0.30363120543140976,-0.39913591030350865,7.573736791469313,1
Uzbekistan,2023,1611.94,0.5983577956450403,Uzbekistan,-0.5074485986758235,Uzbekistan,-0.2605881376998172,-0.40445103022455337,7.385813879665221,1
Uzbekistan,2024,1154.57,1.0,Uzbekistan,-0.5074485986758235,Uzbekistan,-0.21298436778135632,-0.36280495276624297,7.0523490077151205,1
Zambia,2015,0.0,0.0,Zambia,-0.3620595509116488,Zambia,-0.9627018248058986,0.32814374518856676,0.0,1
Zambia,2017,59.0,1.0,Zambia,-0.3620595509116488,Zambia,-0.9589770144763222,0.110777913614939,4.0943445622221,1
Zambia,2018,45.0,1.0,Zambia,-0.3620595509116488,Zambia,-0.9553701693926602,0.03870734461780169,3.828641396489095,1
Zambia,2021,336.0,1.0,Zambia,-0.3620595509116488,Zambia,-0.9704371856339085,-0.23953416519961293,5.820082930352362,1
Zambia,2023,7.5,1.0,Zambia,-0.3620595509116488,Zambia,-0.9525934019824327,-0.25410097909412244,2.1400661634962708,1
Zambia,2024,96.7,1.0,Zambia,-0.3620595509116488,Zambia,-0.948972826413926,-0.14406310307268835,4.581901559048737,1
Zimbabwe,2017,65.7,1.0,Zimbabwe,-0.7982266942041729,Zimbabwe,-0.9259918958414218,-2.0307099851956245,4.200204952921578,1
Zimbabwe,2022,43.0,1.0,Zimbabwe,-0.7982266942041729,Zimbabwe,-0.941515363396975,-1.8459081771304917,3.784189633918261,1
Zimbabwe,2024,251.5,1.0,Zimbabwe,-0.7982266942041729,Zimbabwe,-0.9274946457678505,-1.6397008581279124,5.531411248715415,1
