country_iso,clean_policy_count,total_policy_count,green_policy_share,total_investment_narrow,green_investment_narrow,green_share_narrow,total_investment_broad,green_investment_broad,green_share_broad
AFG,1,1,1.0,209.49,37.89,0.18086782185307174,209.49,37.89,0.18086782185307174
AGO,6,11,0.5454545454545454,1600.0,1600.0,1.0,1600.0,1600.0,1.0
ALB,2,3,0.6666666666666666,187.33,187.33,1.0,187.33,187.33,1.0
ARG,54,76,0.7105263157894737,6442.32,4828.82,0.7495467471345726,6467.32,4853.820000000001,0.750514896433144
ARM,2,3,0.6666666666666666,437.40999999999997,90.00999999999999,0.205779474634782,437.40999999999997,90.00999999999999,0.205779474634782
AZE,1,1,1.0,1822.0,1822.0,1.0,1822.0,1822.0,1.0
BDI,3,4,0.75,24.4,24.4,1.0,24.4,24.4,1.0
BEN,5,6,0.8333333333333334,25.42,25.42,1.0,25.42,25.42,1.0
BFA,1,2,0.5,260.11,260.11,1.0,260.11,260.11,1.0
BGD,6,8,0.75,3677.5600000000004,440.56,0.11979682180576251,3677.5600000000004,440.56,0.11979682180576251
BGR,12,22,0.5454545454545454,702.6800000000001,702.6800000000001,1.0,702.6800000000001,702.6800000000001,1.0
BIH,2,3,0.6666666666666666,574.01,574.01,1.0,574.01,574.01,1.0
BLR,8,10,0.8,11.3,11.3,1.0,11.3,11.3,1.0
BRA,79,115,0.6869565217391305,32997.880000000005,27218.08,0.824843292963063,37567.979999999996,31788.18,0.8461508976527352
BWA,1,2,0.5,125.5,125.5,1.0,125.5,125.5,1.0
CHN,139,173,0.8034682080924855,20454.761,19428.441,0.9498248842897749,30987.490999999995,29961.171,0.9668795385854247
CIV,1,2,0.5,1347.1000000000001,536.8599999999999,0.3985301759334866,1347.1000000000001,536.8599999999999,0.3985301759334866
CMR,3,6,0.5,100.0,100.0,1.0,1488.34,1488.34,1.0
COD,3,6,0.5,785.0,785.0,1.0,785.0,785.0,1.0
COL,46,64,0.71875,1395.99,1277.8,0.9153360697426199,1395.99,1277.8,0.9153360697426199
CPV,1,2,0.5,30.0,30.0,1.0,30.0,30.0,1.0
DJI,2,2,1.0,123.5,123.5,1.0,123.5,123.5,1.0
DOM,6,8,0.75,2028.1699999999998,1705.6699999999998,0.8409896606300261,2028.1699999999998,1705.6699999999998,0.8409896606300261
ECU,7,10,0.7,403.8,403.8,1.0,403.8,403.8,1.0
EGY,16,22,0.7272727272727273,4722.73,4722.73,1.0,4842.73,4842.73,1.0
ETH,13,22,0.5909090909090909,271.0,271.0,1.0,271.0,271.0,1.0
GAB,4,9,0.4444444444444444,560.34,560.34,1.0,560.34,560.34,1.0
GEO,11,12,0.9166666666666666,249.62,249.62,1.0,314.61999999999995,314.61999999999995,1.0
GHA,4,7,0.5714285714285714,1705.0,0.0,0.0,1705.0,0.0,0.0
GIN,1,2,0.5,197.5,76.5,0.38734177215189874,197.5,76.5,0.38734177215189874
GTM,6,8,0.75,120.4,120.4,1.0,120.4,120.4,1.0
HND,4,5,0.8,978.9,978.9,1.0,978.9,978.9,1.0
IDN,107,129,0.8294573643410853,20270.300000000003,2420.3,0.11940129154477239,21090.4,3240.4,0.15364336380533322
IND,113,145,0.7793103448275862,17412.409999999996,15928.409999999998,0.9147734288361004,17412.409999999996,15928.409999999998,0.9147734288361004
IRN,10,11,0.9090909090909091,94.5,94.5,1.0,94.5,94.5,1.0
IRQ,3,4,0.75,500.0,0.0,0.0,500.0,0.0,0.0
JAM,5,6,0.8333333333333334,478.3,148.3,0.3100564499268242,478.3,148.3,0.3100564499268242
JOR,3,4,0.75,1835.8000000000002,1360.8000000000002,0.7412572175618259,1835.8000000000002,1360.8000000000002,0.7412572175618259
KAZ,18,18,1.0,1333.9099999999999,1093.9099999999999,0.820077816344431,1333.9099999999999,1093.9099999999999,0.820077816344431
KEN,17,27,0.6296296296296297,899.96,899.96,1.0,899.96,899.96,1.0
KGZ,1,2,0.5,217.8,217.8,1.0,335.78999999999996,335.78999999999996,1.0
KHM,3,4,0.75,98.7,98.7,1.0,546.2,546.2,1.0
KNA,1,1,1.0,47.85,47.85,1.0,47.85,47.85,1.0
LAO,3,3,1.0,1058.0,1058.0,1.0,2858.0,2858.0,1.0
LBN,1,2,0.5,180.0,0.0,0.0,180.0,0.0,0.0
LCA,1,1,1.0,20.0,20.0,1.0,20.0,20.0,1.0
LKA,8,9,0.8888888888888888,8.32,8.32,1.0,8.32,8.32,1.0
LSO,1,2,0.5,12.260000000000002,12.260000000000002,1.0,12.260000000000002,12.260000000000002,1.0
MAR,28,34,0.8235294117647058,1714.3500000000001,1714.3500000000001,1.0,1714.3500000000001,1714.3500000000001,1.0
MDG,3,5,0.6,96.72,96.72,1.0,96.72,96.72,1.0
MDV,4,6,0.6666666666666666,0.0,0.0,0.0,0.0,0.0,0.0
MEX,65,83,0.7831325301204819,13799.269999999999,11564.869999999999,0.8380783911032975,13799.269999999999,11564.869999999999,0.8380783911032975
MKD,1,2,0.5,87.07000000000001,87.07000000000001,1.0,87.07000000000001,87.07000000000001,1.0
MLI,1,2,0.5,424.94,288.5,0.6789193768532028,424.94,288.5,0.6789193768532028
MMR,3,7,0.42857142857142855,608.0,293.0,0.4819078947368421,608.0,293.0,0.4819078947368421
MNE,2,3,0.6666666666666666,99.75,99.75,1.0,99.75,99.75,1.0
MNG,7,11,0.6363636363636364,320.7,320.7,1.0,320.7,320.7,1.0
MOZ,8,13,0.6153846153846154,1405.3,1132.3,0.8057354301572618,1534.9,1261.9,0.8221382500488631
MUS,2,3,0.6666666666666666,23.17,23.17,1.0,23.17,23.17,1.0
MWI,2,3,0.6666666666666666,94.6,94.6,1.0,94.6,94.6,1.0
MYS,16,19,0.8421052631578947,2154.85,1317.85,0.6115738914541615,2154.85,1317.85,0.6115738914541615
NAM,2,3,0.6666666666666666,148.37,148.37,1.0,148.37,148.37,1.0
NGA,31,35,0.8857142857142857,246.0,246.0,1.0,246.0,246.0,1.0
NIC,1,2,0.5,25.0,25.0,1.0,25.0,25.0,1.0
NPL,13,20,0.65,215.41,215.41,1.0,1704.5100000000002,1704.5100000000002,1.0
PAK,18,18,1.0,8450.41,1890.41,0.22370630537453215,12038.61,5478.61,0.45508659222285625
PER,14,33,0.42424242424242425,2409.7,2409.7,1.0,2955.0,2955.0,1.0
PHL,29,39,0.7435897435897436,11182.32,7321.92,0.6547764685682399,11182.32,7321.92,0.6547764685682399
PLW,1,2,0.5,22.0,22.0,1.0,22.0,22.0,1.0
PNG,3,3,1.0,1.2,1.2,1.0,1.2,1.2,1.0
RUS,39,53,0.7358490566037735,2095.7100000000005,1916.7100000000003,0.9145874190608433,2095.7100000000005,1916.7100000000003,0.9145874190608433
RWA,5,7,0.7142857142857143,409.3,409.3,1.0,409.3,409.3,1.0
SEN,9,12,0.75,1569.06,894.53,0.5701056683619492,1569.06,894.53,0.5701056683619492
SLB,2,4,0.5,233.37,233.37,1.0,233.37,233.37,1.0
SLE,1,2,0.5,458.2,1.2,0.0026189436927106066,458.2,1.2,0.0026189436927106066
SLV,4,8,0.5,1213.1,336.1,0.27705877503915594,1213.1,336.1,0.27705877503915594
SOM,1,2,0.5,5.67,5.67,1.0,5.67,5.67,1.0
SRB,1,2,0.5,1422.1,1422.1,1.0,1422.1,1422.1,1.0
SSD,2,2,1.0,20.0,20.0,1.0,20.0,20.0,1.0
STP,1,2,0.5,30.0,30.0,1.0,30.0,30.0,1.0
SWZ,2,3,0.6666666666666666,115.0,115.0,1.0,115.0,115.0,1.0
TCD,1,2,0.5,321.35,321.35,1.0,321.35,321.35,1.0
TGO,5,9,0.5555555555555556,258.34999999999997,258.34999999999997,1.0,258.34999999999997,258.34999999999997,1.0
THA,28,37,0.7567567567567568,7987.06,3515.5699999999997,0.44015820589804,8108.220000000001,3636.7299999999996,0.4485238437042901
TUN,16,17,0.9411764705882353,345.08000000000004,345.08000000000004,1.0,345.08000000000004,345.08000000000004,1.0
TUR,66,86,0.7674418604651163,5319.29,5319.29,1.0,8446.34,8446.34,1.0
TZA,12,16,0.75,46.2,46.2,1.0,46.2,46.2,1.0
UGA,10,12,0.8333333333333334,306.34000000000003,306.34000000000003,1.0,306.34000000000003,306.34000000000003,1.0
UKR,30,38,0.7894736842105263,3508.58,3508.58,1.0,3508.58,3508.58,1.0
UZB,16,18,0.8888888888888888,6927.91,4843.91,0.6991877781322217,6927.91,4843.91,0.6991877781322217
VCT,1,1,1.0,82.0,82.0,1.0,82.0,82.0,1.0
VNM,47,56,0.8392857142857143,19259.91,6261.250000000001,0.32509238101320315,19633.91,6635.25,0.33794847791397636
ZAF,62,78,0.7948717948717948,10097.77,10097.77,1.0,10097.77,10097.77,1.0
ZMB,8,14,0.5714285714285714,544.2,544.2,1.0,544.2,544.2,1.0
ZWE,7,10,0.7,360.2,360.2,1.0,360.2,360.2,1.0
