Country,Financial closure year,total_investment,total_projects,green_investment,green_projects,green_share_value,green_share_count,total_investment_broad,total_projects_broad,green_investment_broad,green_projects_broad,green_share_value_broad,green_share_count_broad
Afghanistan,2017,19.0,1.0,19.0,1.0,1.0,1.0,19.0,1,19.0,1.0,1.0,1.0
Afghanistan,2019,190.49,3.0,18.89,1.0,0.09916531051498766,0.3333333333333333,190.49,3,18.89,1.0,0.09916531051498766,0.3333333333333333
Albania,2011,4.16,1.0,4.16,1.0,1.0,1.0,4.16,1,4.16,1.0,1.0,1.0
Albania,2012,134.39999999999998,7.0,134.39999999999998,7.0,1.0,1.0,1504.3999999999999,8,1504.3999999999999,8.0,1.0,1.0
Albania,2013,19.4,1.0,19.4,1.0,1.0,1.0,19.4,1,19.4,1.0,1.0,1.0
Albania,2014,177.3,1.0,177.3,1.0,1.0,1.0,177.3,1,177.3,1.0,1.0,1.0
Albania,2023,187.33,2.0,187.33,2.0,1.0,1.0,187.33,2,187.33,2.0,1.0,1.0
Algeria,2012,30.3,1.0,30.3,1.0,1.0,1.0,30.3,1,30.3,1.0,1.0,1.0
Angola,2014,112.0,1.0,112.0,1.0,1.0,1.0,112.0,1,112.0,1.0,1.0,1.0
Angola,2024,1600.0,1.0,1600.0,1.0,1.0,1.0,1600.0,1,1600.0,1.0,1.0,1.0
Argentina,2011,175.8,3.0,175.8,3.0,1.0,1.0,175.8,3,175.8,3.0,1.0,1.0
Argentina,2012,593.0,5.0,593.0,5.0,1.0,1.0,593.0,5,593.0,5.0,1.0,1.0
Argentina,2013,1039.0,3.0,1039.0,3.0,1.0,1.0,1039.0,3,1039.0,3.0,1.0,1.0
Argentina,2015,120.0,1.0,120.0,1.0,1.0,1.0,120.0,1,120.0,1.0,1.0,1.0
Argentina,2017,1826.1,11.0,737.6,7.0,0.40392092437434973,0.6363636363636364,1826.1,11,737.6,7.0,0.40392092437434973,0.6363636363636364
Argentina,2018,1126.82,16.0,901.82,15.0,0.8003230329600115,0.9375,1151.82,18,926.82,17.0,0.8046569776527583,0.9444444444444444
Argentina,2019,2060.4,11.0,1895.4,10.0,0.9199184624344787,0.9090909090909091,2060.4,11,1895.4,10.0,0.9199184624344787,0.9090909090909091
Argentina,2020,160.0,1.0,160.0,1.0,1.0,1.0,160.0,1,160.0,1.0,1.0,1.0
Argentina,2022,516.0,4.0,381.0,3.0,0.7383720930232558,0.75,516.0,4,381.0,3.0,0.7383720930232558,0.75
Argentina,2023,720.0,4.0,720.0,4.0,1.0,1.0,720.0,4,720.0,4.0,1.0,1.0
Argentina,2024,33.0,1.0,33.0,1.0,1.0,1.0,33.0,1,33.0,1.0,1.0,1.0
Armenia,2015,,,,,,,250.0,1,250.0,1.0,1.0,1.0
Armenia,2019,321.4,1.0,0.0,0.0,0.0,0.0,321.4,1,0.0,0.0,0.0,0.0
Armenia,2021,53.01,1.0,53.01,1.0,1.0,1.0,53.01,1,53.01,1.0,1.0,1.0
Armenia,2022,37.0,1.0,37.0,1.0,1.0,1.0,37.0,1,37.0,1.0,1.0,1.0
Armenia,2023,26.0,1.0,0.0,0.0,0.0,0.0,26.0,1,0.0,0.0,0.0,0.0
Azerbaijan,2021,200.0,1.0,200.0,1.0,1.0,1.0,200.0,1,200.0,1.0,1.0,1.0
Azerbaijan,2022,250.0,1.0,250.0,1.0,1.0,1.0,250.0,1,250.0,1.0,1.0,1.0
Azerbaijan,2023,348.0,1.0,348.0,1.0,1.0,1.0,348.0,1,348.0,1.0,1.0,1.0
Azerbaijan,2024,1024.0,3.0,1024.0,3.0,1.0,1.0,1024.0,3,1024.0,3.0,1.0,1.0
Bangladesh,2010,107.5,6.0,0.0,0.0,0.0,0.0,107.5,6,0.0,0.0,0.0,0.0
Bangladesh,2011,129.362,4.0,0.0,0.0,0.0,0.0,129.362,4,0.0,0.0,0.0,0.0
Bangladesh,2012,1516.0,8.0,0.0,0.0,0.0,0.0,1516.0,8,0.0,0.0,0.0,0.0
Bangladesh,2013,40.3,1.0,0.0,0.0,0.0,0.0,40.3,1,0.0,0.0,0.0,0.0
Bangladesh,2014,516.5,4.0,0.0,0.0,0.0,0.0,516.5,4,0.0,0.0,0.0,0.0
Bangladesh,2015,300.0,1.0,0.0,0.0,0.0,0.0,300.0,1,0.0,0.0,0.0,0.0
Bangladesh,2016,170.0,1.0,0.0,0.0,0.0,0.0,170.0,1,0.0,0.0,0.0,0.0
Bangladesh,2017,438.0,2.0,0.0,0.0,0.0,0.0,438.0,2,0.0,0.0,0.0,0.0
Bangladesh,2018,269.0,1.0,0.0,0.0,0.0,0.0,269.0,1,0.0,0.0,0.0,0.0
Bangladesh,2019,35.71,1.0,35.71,1.0,1.0,1.0,35.71,1,35.71,1.0,1.0,1.0
Bangladesh,2020,1880.0,5.0,133.0,2.0,0.07074468085106383,0.4,1880.0,5,133.0,2.0,0.07074468085106383,0.4
Bangladesh,2021,0.0,1.0,0.0,0.0,,0.0,0.0,1,0.0,0.0,,0.0
Bangladesh,2022,613.0,1.0,0.0,0.0,0.0,0.0,613.0,1,0.0,0.0,0.0,0.0
Bangladesh,2023,247.55,2.0,247.55,2.0,1.0,1.0,247.55,2,247.55,2.0,1.0,1.0
Bangladesh,2024,24.3,1.0,24.3,1.0,1.0,1.0,24.3,1,24.3,1.0,1.0,1.0
Belarus,2019,11.3,1.0,11.3,1.0,1.0,1.0,11.3,1,11.3,1.0,1.0,1.0
Benin,2022,15.82,5.0,15.82,5.0,1.0,1.0,15.82,5,15.82,5.0,1.0,1.0
Benin,2023,9.6,2.0,9.6,2.0,1.0,1.0,9.6,2,9.6,2.0,1.0,1.0
Bosnia and Herzegovina,2012,661.9,1.0,0.0,0.0,0.0,0.0,661.9,1,0.0,0.0,0.0,0.0
Bosnia and Herzegovina,2020,78.78,1.0,78.78,1.0,1.0,1.0,78.78,1,78.78,1.0,1.0,1.0
Bosnia and Herzegovina,2022,9.48,2.0,9.48,2.0,1.0,1.0,9.48,2,9.48,2.0,1.0,1.0
Bosnia and Herzegovina,2023,485.75,1.0,485.75,1.0,1.0,1.0,485.75,1,485.75,1.0,1.0,1.0
Botswana,2011,104.0,1.0,0.0,0.0,0.0,0.0,104.0,1,0.0,0.0,0.0,0.0
Botswana,2022,5.0,1.0,5.0,1.0,1.0,1.0,5.0,1,5.0,1.0,1.0,1.0
Botswana,2023,60.0,1.0,60.0,1.0,1.0,1.0,60.0,1,60.0,1.0,1.0,1.0
Botswana,2024,60.5,3.0,60.5,3.0,1.0,1.0,60.5,3,60.5,3.0,1.0,1.0
Brazil,2010,1256.2,15.0,1059.5,14.0,0.8434166533991402,0.9333333333333333,1680.8,17,1484.1,16.0,0.8829723940980485,0.9411764705882353
Brazil,2011,9279.4,38.0,6460.3,32.0,0.6961980300450461,0.8421052631578947,9279.4,38,6460.3,32.0,0.6961980300450461,0.8421052631578947
Brazil,2012,4682.13,27.0,4375.33,26.0,0.93447426705367,0.9629629629629629,22784.53,32,22477.73,31.0,0.9865347233407931,0.96875
Brazil,2013,4988.62,38.0,4490.62,35.0,0.9001727932774995,0.9210526315789473,5286.02,39,4788.02,36.0,0.9057892327308636,0.9230769230769231
Brazil,2014,4236.0,28.0,4236.0,28.0,1.0,1.0,5399.2,32,5399.2,32.0,1.0,1.0
Brazil,2015,2717.58,27.0,2174.7,25.0,0.8002340317488353,0.9259259259259259,2717.58,27,2174.7,25.0,0.8002340317488353,0.9259259259259259
Brazil,2016,4139.5,29.0,4020.1,25.0,0.9711559367073318,0.8620689655172413,8408.6,31,8289.2,27.0,0.9858002521228266,0.8709677419354839
Brazil,2017,3363.0,15.0,3333.6,14.0,0.991257805530776,0.9333333333333333,3363.0,15,3333.6,14.0,0.991257805530776,0.9333333333333333
Brazil,2018,3614.2200000000003,28.0,1808.22,27.0,0.5003071202085096,0.9642857142857143,3614.2200000000003,28,1808.22,27.0,0.5003071202085096,0.9642857142857143
Brazil,2019,3511.96,9.0,1696.96,7.0,0.4831945694142302,0.7777777777777778,3511.96,9,1696.96,7.0,0.4831945694142302,0.7777777777777778
Brazil,2020,4345.07,25.0,2925.07,23.0,0.673192836939336,0.92,4345.07,25,2925.07,23.0,0.673192836939336,0.92
Brazil,2021,2731.57,19.0,2731.57,19.0,1.0,1.0,2731.57,19,2731.57,19.0,1.0,1.0
Brazil,2022,3416.0899999999997,24.0,3416.0899999999997,24.0,1.0,1.0,3606.0899999999997,26,3606.0899999999997,26.0,1.0,1.0
Brazil,2023,3965.8500000000004,25.0,3375.8500000000004,23.0,0.8512298750583104,0.92,3965.8500000000004,25,3375.8500000000004,23.0,0.8512298750583104,0.92
Brazil,2024,3910.62,34.0,3910.62,34.0,1.0,1.0,4021.62,35,4021.62,35.0,1.0,1.0
Bulgaria,2010,166.83999999999997,3.0,166.83999999999997,3.0,1.0,1.0,166.83999999999997,3,166.83999999999997,3.0,1.0,1.0
Bulgaria,2011,569.69,7.0,569.69,7.0,1.0,1.0,569.69,7,569.69,7.0,1.0,1.0
Bulgaria,2012,550.6800000000001,12.0,550.6800000000001,12.0,1.0,1.0,550.6800000000001,12,550.6800000000001,12.0,1.0,1.0
Bulgaria,2013,165.0,1.0,165.0,1.0,1.0,1.0,165.0,1,165.0,1.0,1.0,1.0
Bulgaria,2019,11.59,1.0,11.59,1.0,1.0,1.0,11.59,1,11.59,1.0,1.0,1.0
Bulgaria,2022,106.39,1.0,106.39,1.0,1.0,1.0,106.39,1,106.39,1.0,1.0,1.0
Bulgaria,2023,293.14,3.0,293.14,3.0,1.0,1.0,293.14,3,293.14,3.0,1.0,1.0
Bulgaria,2024,291.56,3.0,291.56,3.0,1.0,1.0,291.56,3,291.56,3.0,1.0,1.0
Burkina Faso,2021,186.01,5.0,186.01,5.0,1.0,1.0,186.01,5,186.01,5.0,1.0,1.0
Burkina Faso,2022,46.4,1.0,46.4,1.0,1.0,1.0,46.4,1,46.4,1.0,1.0,1.0
Burkina Faso,2024,27.7,1.0,27.7,1.0,1.0,1.0,27.7,1,27.7,1.0,1.0,1.0
Burundi,2020,15.7,1.0,15.7,1.0,1.0,1.0,15.7,1,15.7,1.0,1.0,1.0
Burundi,2023,1.0,1.0,1.0,1.0,1.0,1.0,1.0,1,1.0,1.0,1.0,1.0
Burundi,2024,7.7,1.0,7.7,1.0,1.0,1.0,7.7,1,7.7,1.0,1.0,1.0
Cabo Verde,2010,80.0,1.0,80.0,1.0,1.0,1.0,80.0,1,80.0,1.0,1.0,1.0
Cabo Verde,2023,30.0,1.0,30.0,1.0,1.0,1.0,30.0,1,30.0,1.0,1.0,1.0
Cambodia,2010,247.0,1.0,0.0,0.0,0.0,0.0,1757.0,4,1510.0,3.0,0.8594194649971543,0.75
Cambodia,2012,0.0,1.0,0.0,1.0,,1.0,0.0,1,0.0,1.0,,1.0
Cambodia,2017,12.5,1.0,12.5,1.0,1.0,1.0,12.5,1,12.5,1.0,1.0,1.0
Cambodia,2020,45.0,1.0,45.0,1.0,1.0,1.0,45.0,1,45.0,1.0,1.0,1.0
Cambodia,2021,41.2,1.0,41.2,1.0,1.0,1.0,41.2,1,41.2,1.0,1.0,1.0
Cambodia,2023,,,,,,,447.5,1,447.5,1.0,1.0,1.0
Cameroon,2010,342.0,1.0,0.0,0.0,0.0,0.0,342.0,1,0.0,0.0,0.0,0.0
Cameroon,2018,,,,,,,1388.34,1,1388.34,1.0,1.0,1.0
Cameroon,2023,100.0,1.0,100.0,1.0,1.0,1.0,100.0,1,100.0,1.0,1.0,1.0
Chad,2020,150.0,1.0,150.0,1.0,1.0,1.0,150.0,1,150.0,1.0,1.0,1.0
Chad,2021,71.35,2.0,71.35,2.0,1.0,1.0,71.35,2,71.35,2.0,1.0,1.0
Chad,2023,100.0,1.0,100.0,1.0,1.0,1.0,100.0,1,100.0,1.0,1.0,1.0
China,2010,421.47,5.0,421.47,5.0,1.0,1.0,421.47,5,421.47,5.0,1.0,1.0
China,2011,2594.8,43.0,2594.8,43.0,1.0,1.0,2636.0,44,2636.0,44.0,1.0,1.0
China,2012,2867.22,37.0,2867.22,37.0,1.0,1.0,3102.12,41,3102.12,41.0,1.0,1.0
China,2013,3531.53,48.0,3531.53,48.0,1.0,1.0,3689.2200000000003,52,3689.2200000000003,52.0,1.0,1.0
China,2014,1199.46,22.0,1199.46,22.0,1.0,1.0,1608.08,27,1608.08,27.0,1.0,1.0
China,2015,2722.18,31.0,2722.18,31.0,1.0,1.0,3186.65,39,3186.65,39.0,1.0,1.0
China,2016,3123.441,38.0,2695.121,37.0,0.8628691881805997,0.9736842105263158,3435.081,45,3006.761,44.0,0.875310072746465,0.9777777777777777
China,2017,2483.56,27.0,2483.56,27.0,1.0,1.0,2902.08,34,2902.08,34.0,1.0,1.0
China,2018,150.17,3.0,150.17,3.0,1.0,1.0,252.17,4,252.17,4.0,1.0,1.0
China,2019,9.71,1.0,9.71,1.0,1.0,1.0,9.71,1,9.71,1.0,1.0,1.0
China,2020,189.45,2.0,189.45,2.0,1.0,1.0,838.1800000000001,11,838.1800000000001,11.0,1.0,1.0
China,2021,70.0,1.0,70.0,1.0,1.0,1.0,264.41,4,264.41,4.0,1.0,1.0
China,2022,563.4,3.0,563.4,3.0,1.0,1.0,563.4,3,563.4,3.0,1.0,1.0
China,2023,1698.44,8.0,1100.44,7.0,0.6479122017851676,0.875,7103.57,12,6505.57,11.0,0.9158169765343341,0.9166666666666666
China,2024,12166.59,31.0,12166.59,31.0,1.0,1.0,15618.89,34,15618.89,34.0,1.0,1.0
Colombia,2010,0.0,1.0,0.0,0.0,,0.0,98.716,2,98.716,1.0,1.0,0.5
Colombia,2011,,,,,,,684.0,1,684.0,1.0,1.0,1.0
Colombia,2014,178.0,2.0,178.0,2.0,1.0,1.0,384.6,3,384.6,3.0,1.0,1.0
Colombia,2015,59.0,1.0,59.0,1.0,1.0,1.0,59.0,1,59.0,1.0,1.0,1.0
Colombia,2016,65.0,1.0,65.0,1.0,1.0,1.0,65.0,1,65.0,1.0,1.0,1.0
Colombia,2018,78.0,2.0,78.0,2.0,1.0,1.0,78.0,2,78.0,2.0,1.0,1.0
Colombia,2019,48.5,1.0,0.0,0.0,0.0,0.0,48.5,1,0.0,0.0,0.0,0.0
Colombia,2020,16.73,2.0,16.73,2.0,1.0,1.0,16.73,2,16.73,2.0,1.0,1.0
Colombia,2021,24.0,1.0,24.0,1.0,1.0,1.0,24.0,1,24.0,1.0,1.0,1.0
Colombia,2022,585.56,5.0,515.87,4.0,0.8809857230685157,0.8,585.56,5,515.87,4.0,0.8809857230685157,0.8
Colombia,2023,376.2,4.0,376.2,4.0,1.0,1.0,376.2,4,376.2,4.0,1.0,1.0
Colombia,2024,202.0,2.0,202.0,2.0,1.0,1.0,202.0,2,202.0,2.0,1.0,1.0
"Congo, Dem. Rep.",2020,600.0,1.0,600.0,1.0,1.0,1.0,600.0,1,600.0,1.0,1.0,1.0
"Congo, Dem. Rep.",2021,135.0,2.0,135.0,2.0,1.0,1.0,135.0,2,135.0,2.0,1.0,1.0
"Congo, Dem. Rep.",2023,50.0,1.0,50.0,1.0,1.0,1.0,50.0,1,50.0,1.0,1.0,1.0
Costa Rica,2012,,,,,,,273.0,1,273.0,1.0,1.0,1.0
Costa Rica,2013,274.6,2.0,274.6,2.0,1.0,1.0,415.6,3,415.6,3.0,1.0,1.0
Costa Rica,2014,165.0,2.0,165.0,2.0,1.0,1.0,165.0,2,165.0,2.0,1.0,1.0
Costa Rica,2015,189.0,2.0,189.0,2.0,1.0,1.0,189.0,2,189.0,2.0,1.0,1.0
Côte d'Ivoire,2010,11.0,2.0,0.0,0.0,0.0,0.0,11.0,2,0.0,0.0,0.0,0.0
Côte d'Ivoire,2020,810.24,2.0,0.0,0.0,0.0,0.0,810.24,2,0.0,0.0,0.0,0.0
Côte d'Ivoire,2021,232.48,1.0,232.48,1.0,1.0,1.0,232.48,1,232.48,1.0,1.0,1.0
Côte d'Ivoire,2022,183.7,1.0,183.7,1.0,1.0,1.0,183.7,1,183.7,1.0,1.0,1.0
Côte d'Ivoire,2023,60.0,1.0,60.0,1.0,1.0,1.0,60.0,1,60.0,1.0,1.0,1.0
Côte d'Ivoire,2024,60.68,1.0,60.68,1.0,1.0,1.0,60.68,1,60.68,1.0,1.0,1.0
Djibouti,2020,123.5,1.0,123.5,1.0,1.0,1.0,123.5,1,123.5,1.0,1.0,1.0
Djibouti,2023,0.0,1.0,0.0,1.0,,1.0,0.0,1,0.0,1.0,,1.0
Dominican Republic,2010,30.0,1.0,0.0,0.0,0.0,0.0,30.0,1,0.0,0.0,0.0,0.0
Dominican Republic,2011,465.7,5.0,402.7,4.0,0.8647197766802662,0.8,465.7,5,402.7,4.0,0.8647197766802662,0.8
Dominican Republic,2012,90.0,2.0,50.0,1.0,0.5555555555555556,0.5,90.0,2,50.0,1.0,0.5555555555555556,0.5
Dominican Republic,2015,204.5,1.0,204.5,1.0,1.0,1.0,204.5,1,204.5,1.0,1.0,1.0
Dominican Republic,2017,125.0,1.0,125.0,1.0,1.0,1.0,125.0,1,125.0,1.0,1.0,1.0
Dominican Republic,2018,166.05,2.0,166.05,2.0,1.0,1.0,166.05,2,166.05,2.0,1.0,1.0
Dominican Republic,2019,78.0,1.0,78.0,1.0,1.0,1.0,78.0,1,78.0,1.0,1.0,1.0
Dominican Republic,2021,45.0,2.0,45.0,2.0,1.0,1.0,45.0,2,45.0,2.0,1.0,1.0
Dominican Republic,2022,310.0,3.0,310.0,3.0,1.0,1.0,310.0,3,310.0,3.0,1.0,1.0
Dominican Republic,2023,858.02,11.0,858.02,11.0,1.0,1.0,858.02,11,858.02,11.0,1.0,1.0
Dominican Republic,2024,446.1,3.0,123.6,2.0,0.27706792199058505,0.6666666666666666,446.1,3,123.6,2.0,0.27706792199058505,0.6666666666666666
Ecuador,2013,136.7,2.0,136.7,2.0,1.0,1.0,136.7,2,136.7,2.0,1.0,1.0
Ecuador,2016,111.4,1.0,111.4,1.0,1.0,1.0,111.4,1,111.4,1.0,1.0,1.0
Ecuador,2017,111.4,1.0,111.4,1.0,1.0,1.0,111.4,1,111.4,1.0,1.0,1.0
Ecuador,2023,181.0,1.0,181.0,1.0,1.0,1.0,181.0,1,181.0,1.0,1.0,1.0
"Egypt, Arab Rep.",2012,276.0,1.0,276.0,1.0,1.0,1.0,276.0,1,276.0,1.0,1.0,1.0
"Egypt, Arab Rep.",2016,106.0,2.0,106.0,2.0,1.0,1.0,106.0,2,106.0,2.0,1.0,1.0
"Egypt, Arab Rep.",2017,2400.0299999999997,24.0,2400.0299999999997,24.0,1.0,1.0,2400.0299999999997,24,2400.0299999999997,24.0,1.0,1.0
"Egypt, Arab Rep.",2019,335.0,1.0,335.0,1.0,1.0,1.0,335.0,1,335.0,1.0,1.0,1.0
"Egypt, Arab Rep.",2022,1039.0,2.0,1039.0,2.0,1.0,1.0,1039.0,2,1039.0,2.0,1.0,1.0
"Egypt, Arab Rep.",2023,669.4,1.0,669.4,1.0,1.0,1.0,789.4,2,789.4,2.0,1.0,1.0
"Egypt, Arab Rep.",2024,173.3,2.0,173.3,2.0,1.0,1.0,173.3,2,173.3,2.0,1.0,1.0
El Salvador,2015,156.73999999999998,5.0,156.73999999999998,5.0,1.0,1.0,156.73999999999998,5,156.73999999999998,5.0,1.0,1.0
El Salvador,2017,160.0,1.0,160.0,1.0,1.0,1.0,160.0,1,160.0,1.0,1.0,1.0
El Salvador,2018,143.0,1.0,143.0,1.0,1.0,1.0,143.0,1,143.0,1.0,1.0,1.0
El Salvador,2019,877.0,1.0,0.0,0.0,0.0,0.0,877.0,1,0.0,0.0,0.0,0.0
El Salvador,2020,7.8,1.0,7.8,1.0,1.0,1.0,7.8,1,7.8,1.0,1.0,1.0
El Salvador,2022,25.3,1.0,25.3,1.0,1.0,1.0,25.3,1,25.3,1.0,1.0,1.0
Eswatini,2021,115.0,1.0,115.0,1.0,1.0,1.0,115.0,1,115.0,1.0,1.0,1.0
Ethiopia,2014,120.0,1.0,120.0,1.0,1.0,1.0,120.0,1,120.0,1.0,1.0,1.0
Ethiopia,2021,271.0,1.0,271.0,1.0,1.0,1.0,271.0,1,271.0,1.0,1.0,1.0
Gabon,2011,234.0,1.0,234.0,1.0,1.0,1.0,234.0,1,234.0,1.0,1.0,1.0
Gabon,2012,134.0,1.0,134.0,1.0,1.0,1.0,134.0,1,134.0,1.0,1.0,1.0
Gabon,2019,167.0,1.0,167.0,1.0,1.0,1.0,167.0,1,167.0,1.0,1.0,1.0
Gabon,2021,210.96,1.0,210.96,1.0,1.0,1.0,210.96,1,210.96,1.0,1.0,1.0
Gabon,2022,152.38,1.0,152.38,1.0,1.0,1.0,152.38,1,152.38,1.0,1.0,1.0
Gabon,2023,30.0,1.0,30.0,1.0,1.0,1.0,30.0,1,30.0,1.0,1.0,1.0
Georgia,2011,,,,,,,417.0,3,417.0,3.0,1.0,1.0
Georgia,2015,,,,,,,417.0,1,417.0,1.0,1.0,1.0
Georgia,2017,,,,,,,65.0,1,65.0,1.0,1.0,1.0
Georgia,2019,14.4,1.0,14.4,1.0,1.0,1.0,14.4,1,14.4,1.0,1.0,1.0
Georgia,2024,235.22,3.0,235.22,3.0,1.0,1.0,235.22,3,235.22,3.0,1.0,1.0
Ghana,2013,440.0,1.0,0.0,0.0,0.0,0.0,440.0,1,0.0,0.0,0.0,0.0
Ghana,2014,900.0,1.0,0.0,0.0,0.0,0.0,900.0,1,0.0,0.0,0.0,0.0
Ghana,2016,1705.0,3.0,0.0,0.0,0.0,0.0,1705.0,3,0.0,0.0,0.0,0.0
Ghana,2017,0.0,1.0,0.0,0.0,,0.0,0.0,1,0.0,0.0,,0.0
Guatemala,2010,758.0,1.0,0.0,0.0,0.0,0.0,758.0,1,0.0,0.0,0.0,0.0
Guatemala,2012,36.0,1.0,36.0,1.0,1.0,1.0,180.0,2,180.0,2.0,1.0,1.0
Guatemala,2014,410.2,6.0,410.2,5.0,1.0,0.8333333333333334,410.2,6,410.2,5.0,1.0,0.8333333333333334
Guatemala,2015,94.0,2.0,94.0,2.0,1.0,1.0,94.0,2,94.0,2.0,1.0,1.0
Guatemala,2019,56.4,1.0,56.4,1.0,1.0,1.0,56.4,1,56.4,1.0,1.0,1.0
Guatemala,2024,64.0,1.0,64.0,1.0,1.0,1.0,64.0,1,64.0,1.0,1.0,1.0
Guinea,2018,121.0,1.0,0.0,0.0,0.0,0.0,121.0,1,0.0,0.0,0.0,0.0
Guinea,2020,76.5,1.0,76.5,1.0,1.0,1.0,76.5,1,76.5,1.0,1.0,1.0
Guinea,2024,0.0,1.0,0.0,1.0,,1.0,0.0,1,0.0,1.0,,1.0
Honduras,2010,318.8,2.0,318.8,2.0,1.0,1.0,318.8,2,318.8,2.0,1.0,1.0
Honduras,2011,144.5,2.0,144.5,2.0,1.0,1.0,144.5,2,144.5,2.0,1.0,1.0
Honduras,2013,248.0,2.0,248.0,2.0,1.0,1.0,248.0,2,248.0,2.0,1.0,1.0
Honduras,2014,554.3,5.0,554.3,5.0,1.0,1.0,554.3,5,554.3,5.0,1.0,1.0
Honduras,2015,430.0,3.0,430.0,3.0,1.0,1.0,430.0,3,430.0,3.0,1.0,1.0
Honduras,2016,349.3,3.0,349.3,3.0,1.0,1.0,349.3,3,349.3,3.0,1.0,1.0
Honduras,2017,259.6,3.0,259.6,3.0,1.0,1.0,259.6,3,259.6,3.0,1.0,1.0
Honduras,2023,370.0,1.0,370.0,1.0,1.0,1.0,370.0,1,370.0,1.0,1.0,1.0
India,2010,28761.66,35.0,788.4,11.0,0.02741149154812344,0.3142857142857143,29223.510000000002,38,1250.25,14.0,0.04278233518150284,0.3684210526315789
India,2011,17397.35,56.0,2164.75,39.0,0.12442987006641817,0.6964285714285714,17820.55,59,2587.95,42.0,0.14522279054237944,0.711864406779661
India,2012,6012.900000000001,48.0,3512.1,42.0,0.5840941974754278,0.875,6012.900000000001,48,3512.1,42.0,0.5840941974754278,0.875
India,2013,1736.0,27.0,1210.9,25.0,0.6975230414746544,0.9259259259259259,1965.3,28,1440.2,26.0,0.7328143286012314,0.9285714285714286
India,2014,867.33,19.0,867.33,19.0,1.0,1.0,867.33,19,867.33,19.0,1.0,1.0
India,2015,2086.94,28.0,2012.24,27.0,0.9642059666305691,0.9642857142857143,2086.94,28,2012.24,27.0,0.9642059666305691,0.9642857142857143
India,2016,1142.78,11.0,1142.78,11.0,1.0,1.0,1142.78,11,1142.78,11.0,1.0,1.0
India,2017,1165.13,18.0,1165.13,18.0,1.0,1.0,1165.13,18,1165.13,18.0,1.0,1.0
India,2018,1453.96,14.0,1453.96,14.0,1.0,1.0,1453.96,14,1453.96,14.0,1.0,1.0
India,2019,856.35,7.0,856.35,7.0,1.0,1.0,856.35,7,856.35,7.0,1.0,1.0
India,2020,3028.45,10.0,1544.45,9.0,0.5099803529858509,0.9,3028.45,10,1544.45,9.0,0.5099803529858509,0.9
India,2021,1598.49,8.0,1598.49,8.0,1.0,1.0,1598.49,8,1598.49,8.0,1.0,1.0
India,2022,1421.26,4.0,1421.26,4.0,1.0,1.0,1421.26,4,1421.26,4.0,1.0,1.0
India,2023,4316.1,8.0,4316.1,8.0,1.0,1.0,4316.1,8,4316.1,8.0,1.0,1.0
India,2024,2429.89,16.0,2429.89,16.0,1.0,1.0,2429.89,16,2429.89,16.0,1.0,1.0
Indonesia,2010,2300.0,2.0,0.0,0.0,0.0,0.0,2300.0,2,0.0,0.0,0.0,0.0
Indonesia,2011,161.0,2.0,35.0,1.0,0.21739130434782608,0.5,161.0,2,35.0,1.0,0.21739130434782608,0.5
Indonesia,2012,1901.0,10.0,1901.0,10.0,1.0,1.0,1901.0,10,1901.0,10.0,1.0,1.0
Indonesia,2013,1936.7,4.0,36.7,2.0,0.01894975990086229,0.5,1936.7,4,36.7,2.0,0.01894975990086229,0.5
Indonesia,2014,1690.5,2.0,1690.5,2.0,1.0,1.0,1690.5,2,1690.5,2.0,1.0,1.0
Indonesia,2015,,,,,,,191.0,1,191.0,1.0,1.0,1.0
Indonesia,2016,8068.8,5.0,210.8,1.0,0.026125322228832046,0.2,8068.8,5,210.8,1.0,0.026125322228832046,0.2
Indonesia,2017,8839.5,9.0,1162.5,5.0,0.13151196334634313,0.5555555555555556,8839.5,9,1162.5,5.0,0.13151196334634313,0.5555555555555556
Indonesia,2018,2605.0,4.0,580.0,2.0,0.22264875239923224,0.5,3425.1,5,1400.1,3.0,0.40877638609091704,0.6
Indonesia,2019,290.0,1.0,0.0,0.0,0.0,0.0,290.0,1,0.0,0.0,0.0,0.0
Indonesia,2021,150.0,1.0,150.0,1.0,1.0,1.0,150.0,1,150.0,1.0,1.0,1.0
Indonesia,2023,171.0,2.0,171.0,2.0,1.0,1.0,171.0,2,171.0,2.0,1.0,1.0
Indonesia,2024,146.0,2.0,146.0,2.0,1.0,1.0,146.0,2,146.0,2.0,1.0,1.0
"Iran, Islamic Rep.",2017,94.5,4.0,94.5,4.0,1.0,1.0,94.5,4,94.5,4.0,1.0,1.0
Iraq,2016,500.0,1.0,0.0,0.0,0.0,0.0,500.0,1,0.0,0.0,0.0,0.0
Jamaica,2010,132.0,1.0,0.0,0.0,0.0,0.0,132.0,1,0.0,0.0,0.0,0.0
Jamaica,2015,209.8,3.0,209.8,3.0,1.0,1.0,209.8,3,209.8,3.0,1.0,1.0
Jamaica,2017,390.0,2.0,60.0,1.0,0.15384615384615385,0.5,390.0,2,60.0,1.0,0.15384615384615385,0.5
Jamaica,2018,64.0,1.0,64.0,1.0,1.0,1.0,64.0,1,64.0,1.0,1.0,1.0
Jamaica,2022,24.3,1.0,24.3,1.0,1.0,1.0,24.3,1,24.3,1.0,1.0,1.0
Jordan,2012,350.0,1.0,0.0,0.0,0.0,0.0,350.0,1,0.0,0.0,0.0,0.0
Jordan,2013,1102.0,2.0,290.0,1.0,0.2631578947368421,0.5,1102.0,2,290.0,1.0,0.2631578947368421,0.5
Jordan,2014,191.0,4.0,191.0,4.0,1.0,1.0,191.0,4,191.0,4.0,1.0,1.0
Jordan,2015,428.0,8.0,428.0,8.0,1.0,1.0,428.0,8,428.0,8.0,1.0,1.0
Jordan,2016,952.1,4.0,477.1,3.0,0.5011028253334734,0.75,952.1,4,477.1,3.0,0.5011028253334734,0.75
Jordan,2017,644.7,5.0,644.7,5.0,1.0,1.0,644.7,5,644.7,5.0,1.0,1.0
Jordan,2018,165.0,3.0,165.0,3.0,1.0,1.0,165.0,3,165.0,3.0,1.0,1.0
Jordan,2019,74.0,1.0,74.0,1.0,1.0,1.0,74.0,1,74.0,1.0,1.0,1.0
Kazakhstan,2018,52.4,1.0,52.4,1.0,1.0,1.0,52.4,1,52.4,1.0,1.0,1.0
Kazakhstan,2019,553.5999999999999,7.0,553.5999999999999,7.0,1.0,1.0,553.5999999999999,7,553.5999999999999,7.0,1.0,1.0
Kazakhstan,2020,265.48,3.0,265.48,3.0,1.0,1.0,265.48,3,265.48,3.0,1.0,1.0
Kazakhstan,2021,27.9,1.0,27.9,1.0,1.0,1.0,27.9,1,27.9,1.0,1.0,1.0
Kazakhstan,2023,194.53,2.0,194.53,2.0,1.0,1.0,194.53,2,194.53,2.0,1.0,1.0
Kazakhstan,2024,240.0,1.0,0.0,0.0,0.0,0.0,240.0,1,0.0,0.0,0.0,0.0
Kenya,2011,4.7,1.0,0.0,0.0,0.0,0.0,4.7,1,0.0,0.0,0.0,0.0
Kenya,2012,140.0,1.0,0.0,0.0,0.0,0.0,140.0,1,0.0,0.0,0.0,0.0
Kenya,2013,533.97,4.0,377.97,3.0,0.7078487555480645,0.75,533.97,4,377.97,3.0,0.7078487555480645,0.75
Kenya,2014,800.94,2.0,800.94,2.0,1.0,1.0,800.94,2,800.94,2.0,1.0,1.0
Kenya,2018,300.0,1.0,300.0,1.0,1.0,1.0,300.0,1,300.0,1.0,1.0,1.0
Kenya,2019,220.2,3.0,220.2,3.0,1.0,1.0,220.2,3,220.2,3.0,1.0,1.0
Kenya,2020,147.16,2.0,147.16,2.0,1.0,1.0,147.16,2,147.16,2.0,1.0,1.0
Kenya,2022,155.6,3.0,155.6,3.0,1.0,1.0,155.6,3,155.6,3.0,1.0,1.0
Kenya,2024,77.0,2.0,77.0,2.0,1.0,1.0,77.0,2,77.0,2.0,1.0,1.0
Kosovo,2012,62.1,1.0,62.1,1.0,1.0,1.0,62.1,1,62.1,1.0,1.0,1.0
Kosovo,2019,211.73,2.0,211.73,2.0,1.0,1.0,211.73,2,211.73,2.0,1.0,1.0
Kyrgyz Republic,2023,,,,,,,117.99,1,117.99,1.0,1.0,1.0
Kyrgyz Republic,2024,217.8,2.0,217.8,2.0,1.0,1.0,217.8,2,217.8,2.0,1.0,1.0
Lao PDR,2010,3710.0,1.0,0.0,0.0,0.0,0.0,3860.0,2,150.0,1.0,0.038860103626943004,0.5
Lao PDR,2011,14.0,1.0,14.0,1.0,1.0,1.0,455.6,2,455.6,2.0,1.0,1.0
Lao PDR,2012,,,,,,,5888.42,12,5888.42,12.0,1.0,1.0
Lao PDR,2014,,,,,,,2025.5,2,2025.5,2.0,1.0,1.0
Lao PDR,2017,50.0,1.0,50.0,1.0,1.0,1.0,1850.0,3,1850.0,3.0,1.0,1.0
Lao PDR,2019,49.0,1.0,49.0,1.0,1.0,1.0,49.0,1,49.0,1.0,1.0,1.0
Lao PDR,2023,959.0,1.0,959.0,1.0,1.0,1.0,959.0,1,959.0,1.0,1.0,1.0
Lebanon,2016,180.0,1.0,0.0,0.0,0.0,0.0,180.0,1,0.0,0.0,0.0,0.0
Lesotho,2022,9.96,1.0,9.96,1.0,1.0,1.0,9.96,1,9.96,1.0,1.0,1.0
Lesotho,2024,2.3,1.0,2.3,1.0,1.0,1.0,2.3,1,2.3,1.0,1.0,1.0
Liberia,2010,0.0,1.0,0.0,0.0,,0.0,0.0,1,0.0,0.0,,0.0
Madagascar,2020,19.0,1.0,19.0,1.0,1.0,1.0,19.0,1,19.0,1.0,1.0,1.0
Madagascar,2022,29.72,1.0,29.72,1.0,1.0,1.0,29.72,1,29.72,1.0,1.0,1.0
Madagascar,2023,48.0,2.0,48.0,2.0,1.0,1.0,48.0,2,48.0,2.0,1.0,1.0
Malawi,2019,67.0,1.0,67.0,1.0,1.0,1.0,67.0,1,67.0,1.0,1.0,1.0
Malawi,2022,27.6,1.0,27.6,1.0,1.0,1.0,27.6,1,27.6,1.0,1.0,1.0
Malaysia,2011,24.0,1.0,24.0,1.0,1.0,1.0,24.0,1,24.0,1.0,1.0,1.0
Malaysia,2012,193.89999999999998,5.0,193.89999999999998,5.0,1.0,1.0,193.89999999999998,5,193.89999999999998,5.0,1.0,1.0
Malaysia,2013,1283.0,3.0,41.0,1.0,0.03195635229929852,0.3333333333333333,1283.0,3,41.0,1.0,0.03195635229929852,0.3333333333333333
Malaysia,2014,52.0,1.0,52.0,1.0,1.0,1.0,52.0,1,52.0,1.0,1.0,1.0
Malaysia,2015,2690.5,2.0,15.5,1.0,0.005761010964504739,0.5,2690.5,2,15.5,1.0,0.005761010964504739,0.5
Malaysia,2016,22.0,3.0,22.0,3.0,1.0,1.0,22.0,3,22.0,3.0,1.0,1.0
Malaysia,2017,365.3,3.0,365.3,3.0,1.0,1.0,365.3,3,365.3,3.0,1.0,1.0
Malaysia,2018,143.25,2.0,143.25,2.0,1.0,1.0,143.25,2,143.25,2.0,1.0,1.0
Malaysia,2019,95.03,2.0,95.03,2.0,1.0,1.0,95.03,2,95.03,2.0,1.0,1.0
Malaysia,2021,1331.5,2.0,494.5,1.0,0.37138565527600453,0.5,1331.5,2,494.5,1.0,0.37138565527600453,0.5
Malaysia,2022,47.66,1.0,47.66,1.0,1.0,1.0,47.66,1,47.66,1.0,1.0,1.0
Malaysia,2023,130.79,3.0,130.79,3.0,1.0,1.0,130.79,3,130.79,3.0,1.0,1.0
Malaysia,2024,19.32,1.0,19.32,1.0,1.0,1.0,19.32,1,19.32,1.0,1.0,1.0
Maldives,2022,0.0,1.0,0.0,1.0,,1.0,0.0,1,0.0,1.0,,1.0
Mali,2017,136.44,1.0,0.0,0.0,0.0,0.0,136.44,1,0.0,0.0,0.0,0.0
Mali,2018,104.5,1.0,104.5,1.0,1.0,1.0,104.5,1,104.5,1.0,1.0,1.0
Mali,2020,128.0,1.0,128.0,1.0,1.0,1.0,128.0,1,128.0,1.0,1.0,1.0
Mali,2021,56.0,1.0,56.0,1.0,1.0,1.0,56.0,1,56.0,1.0,1.0,1.0
Mauritius,2014,69.5,1.0,69.5,1.0,1.0,1.0,69.5,1,69.5,1.0,1.0,1.0
Mauritius,2023,23.17,2.0,23.17,2.0,1.0,1.0,23.17,2,23.17,2.0,1.0,1.0
Mexico,2010,439.7,2.0,439.7,2.0,1.0,1.0,439.7,2,439.7,2.0,1.0,1.0
Mexico,2011,1207.0,5.0,787.0,4.0,0.652029826014913,0.8,1207.0,5,787.0,4.0,0.652029826014913,0.8
Mexico,2012,2129.5,5.0,2129.5,5.0,1.0,1.0,2129.5,5,2129.5,5.0,1.0,1.0
Mexico,2013,1981.6,10.0,1981.6,10.0,1.0,1.0,1981.6,10,1981.6,10.0,1.0,1.0
Mexico,2014,1386.7,5.0,1386.7,5.0,1.0,1.0,1386.7,5,1386.7,5.0,1.0,1.0
Mexico,2015,,,,,,,342.0,1,342.0,1.0,1.0,1.0
Mexico,2016,295.0,2.0,295.0,2.0,1.0,1.0,295.0,2,295.0,2.0,1.0,1.0
Mexico,2017,5963.8,15.0,3729.4,12.0,0.6253395486099467,0.8,5963.8,15,3729.4,12.0,0.6253395486099467,0.8
Mexico,2018,3597.65,17.0,3597.65,17.0,1.0,1.0,3597.65,17,3597.65,17.0,1.0,1.0
Mexico,2019,2717.21,18.0,2717.21,18.0,1.0,1.0,2717.21,18,2717.21,18.0,1.0,1.0
Mexico,2020,211.5,3.0,211.5,3.0,1.0,1.0,211.5,3,211.5,3.0,1.0,1.0
Mexico,2021,448.46,2.0,448.46,2.0,1.0,1.0,448.46,2,448.46,2.0,1.0,1.0
Mexico,2023,14.65,1.0,14.65,1.0,1.0,1.0,14.65,1,14.65,1.0,1.0,1.0
Mexico,2024,551.0,2.0,551.0,2.0,1.0,1.0,551.0,2,551.0,2.0,1.0,1.0
Mongolia,2012,120.0,1.0,120.0,1.0,1.0,1.0,120.0,1,120.0,1.0,1.0,1.0
Mongolia,2016,128.0,1.0,128.0,1.0,1.0,1.0,128.0,1,128.0,1.0,1.0,1.0
Mongolia,2017,120.0,1.0,120.0,1.0,1.0,1.0,120.0,1,120.0,1.0,1.0,1.0
Mongolia,2018,54.0,1.0,54.0,1.0,1.0,1.0,54.0,1,54.0,1.0,1.0,1.0
Mongolia,2019,18.7,1.0,18.7,1.0,1.0,1.0,18.7,1,18.7,1.0,1.0,1.0
Montenegro,2015,154.6,1.0,154.6,1.0,1.0,1.0,154.6,1,154.6,1.0,1.0,1.0
Montenegro,2018,99.75,1.0,99.75,1.0,1.0,1.0,99.75,1,99.75,1.0,1.0,1.0
Morocco,2011,342.75,1.0,342.75,1.0,1.0,1.0,342.75,1,342.75,1.0,1.0,1.0
Morocco,2012,1880.0,2.0,467.0,1.0,0.24840425531914895,0.5,1880.0,2,467.0,1.0,0.24840425531914895,0.5
Morocco,2013,1438.0,1.0,1438.0,1.0,1.0,1.0,1438.0,1,1438.0,1.0,1.0,1.0
Morocco,2014,2621.58,1.0,0.0,0.0,0.0,0.0,2621.58,1,0.0,0.0,0.0,0.0
Morocco,2015,1900.0,2.0,1900.0,2.0,1.0,1.0,1900.0,2,1900.0,2.0,1.0,1.0
Morocco,2017,220.0,1.0,220.0,1.0,1.0,1.0,220.0,1,220.0,1.0,1.0,1.0
Morocco,2018,261.86,1.0,261.86,1.0,1.0,1.0,261.86,1,261.86,1.0,1.0,1.0
Morocco,2019,25.8,2.0,25.8,2.0,1.0,1.0,25.8,2,25.8,2.0,1.0,1.0
Morocco,2020,1038.77,2.0,1038.77,2.0,1.0,1.0,1038.77,2,1038.77,2.0,1.0,1.0
Morocco,2022,167.92000000000002,2.0,167.92000000000002,2.0,1.0,1.0,167.92000000000002,2,167.92000000000002,2.0,1.0,1.0
Mozambique,2013,98.67,1.0,0.0,0.0,0.0,0.0,98.67,1,0.0,0.0,0.0,0.0
Mozambique,2014,200.0,1.0,0.0,0.0,0.0,0.0,200.0,1,0.0,0.0,0.0,0.0
Mozambique,2017,357.0,2.0,84.0,1.0,0.23529411764705882,0.5,357.0,2,84.0,1.0,0.23529411764705882,0.5
Mozambique,2019,56.0,1.0,56.0,1.0,1.0,1.0,56.0,1,56.0,1.0,1.0,1.0
Mozambique,2020,40.0,1.0,40.0,1.0,1.0,1.0,40.0,1,40.0,1.0,1.0,1.0
Mozambique,2021,652.3,1.0,652.3,1.0,1.0,1.0,652.3,1,652.3,1.0,1.0,1.0
Mozambique,2022,,,,,,,129.6,1,129.6,1.0,1.0,1.0
Mozambique,2023,30.0,1.0,30.0,1.0,1.0,1.0,30.0,1,30.0,1.0,1.0,1.0
Mozambique,2024,270.0,1.0,270.0,1.0,1.0,1.0,270.0,1,270.0,1.0,1.0,1.0
Myanmar,2013,170.0,1.0,0.0,0.0,0.0,0.0,170.0,1,0.0,0.0,0.0,0.0
Myanmar,2017,315.0,1.0,0.0,0.0,0.0,0.0,315.0,1,0.0,0.0,0.0,0.0
Myanmar,2018,293.0,1.0,293.0,1.0,1.0,1.0,293.0,1,293.0,1.0,1.0,1.0
Namibia,2017,51.37,3.0,51.37,3.0,1.0,1.0,51.37,3,51.37,3.0,1.0,1.0
Namibia,2018,77.0,2.0,77.0,2.0,1.0,1.0,77.0,2,77.0,2.0,1.0,1.0
Namibia,2024,20.0,1.0,20.0,1.0,1.0,1.0,20.0,1,20.0,1.0,1.0,1.0
Nepal,2010,43.6,4.0,43.6,4.0,1.0,1.0,43.6,4,43.6,4.0,1.0,1.0
Nepal,2011,21.3,2.0,21.3,2.0,1.0,1.0,107.3,3,107.3,3.0,1.0,1.0
Nepal,2012,0.0,2.0,0.0,2.0,,1.0,966.2,6,966.2,6.0,1.0,1.0
Nepal,2014,158.89999999999998,4.0,158.89999999999998,4.0,1.0,1.0,158.89999999999998,4,158.89999999999998,4.0,1.0,1.0
Nepal,2016,26.07,1.0,26.07,1.0,1.0,1.0,26.07,1,26.07,1.0,1.0,1.0
Nepal,2017,151.1,3.0,151.1,3.0,1.0,1.0,151.1,3,151.1,3.0,1.0,1.0
Nepal,2018,21.4,1.0,21.4,1.0,1.0,1.0,21.4,1,21.4,1.0,1.0,1.0
Nepal,2019,,,,,,,647.2,1,647.2,1.0,1.0,1.0
Nepal,2022,16.84,1.0,16.84,1.0,1.0,1.0,858.74,2,858.74,2.0,1.0,1.0
Nicaragua,2010,425.0,2.0,425.0,2.0,1.0,1.0,425.0,2,425.0,2.0,1.0,1.0
Nicaragua,2011,143.0,2.0,143.0,2.0,1.0,1.0,143.0,2,143.0,2.0,1.0,1.0
Nicaragua,2012,130.0,3.0,130.0,3.0,1.0,1.0,130.0,3,130.0,3.0,1.0,1.0
Nicaragua,2014,76.0,1.0,76.0,1.0,1.0,1.0,76.0,1,76.0,1.0,1.0,1.0
Nicaragua,2023,12.5,1.0,12.5,1.0,1.0,1.0,12.5,1,12.5,1.0,1.0,1.0
Nicaragua,2024,12.5,1.0,12.5,1.0,1.0,1.0,12.5,1,12.5,1.0,1.0,1.0
Nigeria,2013,407.3,1.0,0.0,0.0,0.0,0.0,407.3,1,0.0,0.0,0.0,0.0
Nigeria,2015,880.0,1.0,0.0,0.0,0.0,0.0,880.0,1,0.0,0.0,0.0,0.0
Nigeria,2017,70.0,1.0,70.0,1.0,1.0,1.0,70.0,1,70.0,1.0,1.0,1.0
Nigeria,2021,40.0,1.0,40.0,1.0,1.0,1.0,40.0,1,40.0,1.0,1.0,1.0
Nigeria,2023,116.0,2.0,116.0,2.0,1.0,1.0,116.0,2,116.0,2.0,1.0,1.0
Nigeria,2024,20.0,1.0,20.0,1.0,1.0,1.0,20.0,1,20.0,1.0,1.0,1.0
North Macedonia,2013,14.2,1.0,14.2,1.0,1.0,1.0,14.2,1,14.2,1.0,1.0,1.0
North Macedonia,2016,12.03,1.0,12.03,1.0,1.0,1.0,12.03,1,12.03,1.0,1.0,1.0
North Macedonia,2021,75.04,2.0,75.04,2.0,1.0,1.0,75.04,2,75.04,2.0,1.0,1.0
Pakistan,2011,697.1,3.0,197.10000000000002,2.0,0.2827427915650553,0.6666666666666666,697.1,3,197.10000000000002,2.0,0.2827427915650553,0.6666666666666666
Pakistan,2012,806.2,9.0,806.2,9.0,1.0,1.0,1242.2,10,1242.2,10.0,1.0,1.0
Pakistan,2013,350.1,3.0,350.1,3.0,1.0,1.0,350.1,3,350.1,3.0,1.0,1.0
Pakistan,2015,515.5,4.0,515.5,4.0,1.0,1.0,883.3399999999999,5,883.3399999999999,5.0,1.0,1.0
Pakistan,2016,1238.4,2.0,130.4,1.0,0.10529715762273902,0.5,1238.4,2,130.4,1.0,0.10529715762273902,0.5
Pakistan,2017,2509.45,4.0,569.45,3.0,0.22692223395564767,0.75,6097.65,6,4157.65,5.0,0.681844645068182,0.8333333333333334
Pakistan,2018,1182.2,2.0,102.2,1.0,0.08644899340213162,0.5,1182.2,2,102.2,1.0,0.08644899340213162,0.5
Pakistan,2019,1318.6100000000001,14.0,798.61,13.0,0.6056453386520654,0.9285714285714286,1318.6100000000001,14,798.61,13.0,0.6056453386520654,0.9285714285714286
Pakistan,2020,1951.75,2.0,39.75,1.0,0.020366337901882924,0.5,1951.75,2,39.75,1.0,0.020366337901882924,0.5
Pakistan,2021,250.0,2.0,250.0,2.0,1.0,1.0,250.0,2,250.0,2.0,1.0,1.0
Palau,2022,22.0,1.0,22.0,1.0,1.0,1.0,22.0,1,22.0,1.0,1.0,1.0
Papua New Guinea,2023,1.2,1.0,1.2,1.0,1.0,1.0,1.2,1,1.2,1.0,1.0,1.0
Peru,2010,,,,,,,327.0,2,327.0,2.0,1.0,1.0
Peru,2011,545.9,5.0,174.6,2.0,0.3198387983147097,0.4,545.9,5,174.6,2.0,0.3198387983147097,0.4
Peru,2012,1121.5,3.0,217.5,2.0,0.1939366919304503,0.6666666666666666,2026.5,4,1122.5,3.0,0.5539106834443622,0.75
Peru,2013,604.7,6.0,459.7,5.0,0.7602116752108483,0.8333333333333334,1832.6999999999998,7,1687.6999999999998,6.0,0.920881759153162,0.8571428571428571
Peru,2014,628.0,5.0,138.0,3.0,0.2197452229299363,0.6,1207.5,8,717.5,6.0,0.5942028985507246,0.75
Peru,2015,1003.05,9.0,440.7,6.0,0.43935995214595486,0.6666666666666666,1003.05,9,440.7,6.0,0.43935995214595486,0.6666666666666666
Peru,2016,216.6,3.0,216.6,3.0,1.0,1.0,323.9,4,323.9,4.0,1.0,1.0
Peru,2017,280.5,3.0,280.5,3.0,1.0,1.0,718.5,4,718.5,4.0,1.0,1.0
Peru,2018,311.2,4.0,311.2,4.0,1.0,1.0,311.2,4,311.2,4.0,1.0,1.0
Peru,2019,54.0,2.0,54.0,2.0,1.0,1.0,54.0,2,54.0,2.0,1.0,1.0
Peru,2022,814.4,5.0,814.4,5.0,1.0,1.0,814.4,5,814.4,5.0,1.0,1.0
Peru,2023,447.0,2.0,447.0,2.0,1.0,1.0,447.0,2,447.0,2.0,1.0,1.0
Peru,2024,286.0,2.0,286.0,2.0,1.0,1.0,286.0,2,286.0,2.0,1.0,1.0
Philippines,2010,1479.25,3.0,28.25,1.0,0.01909751563292209,0.3333333333333333,1479.25,3,28.25,1.0,0.01909751563292209,0.3333333333333333
Philippines,2011,288.1,3.0,79.0,2.0,0.27421034363068375,0.6666666666666666,288.1,3,79.0,2.0,0.27421034363068375,0.6666666666666666
Philippines,2012,478.03,8.0,478.03,8.0,1.0,1.0,978.03,9,978.03,9.0,1.0,1.0
Philippines,2013,1204.29,4.0,239.29,2.0,0.1986979880261399,0.5,1204.29,4,239.29,2.0,0.1986979880261399,0.5
Philippines,2014,480.0,1.0,480.0,1.0,1.0,1.0,480.0,1,480.0,1.0,1.0,1.0
Philippines,2015,4180.15,9.0,320.7,4.0,0.07671973493774148,0.4444444444444444,4896.39,11,1036.94,6.0,0.21177643120748144,0.5454545454545454
Philippines,2016,2478.4,3.0,318.0,1.0,0.12830858618463525,0.3333333333333333,2478.4,3,318.0,1.0,0.12830858618463525,0.3333333333333333
Philippines,2017,1700.0,1.0,0.0,0.0,0.0,0.0,1700.0,1,0.0,0.0,0.0,0.0
Philippines,2018,19.12,1.0,19.12,1.0,1.0,1.0,19.12,1,19.12,1.0,1.0,1.0
Philippines,2019,52.5,2.0,52.5,2.0,1.0,1.0,52.5,2,52.5,2.0,1.0,1.0
Philippines,2020,59.61,1.0,59.61,1.0,1.0,1.0,59.61,1,59.61,1.0,1.0,1.0
Philippines,2021,401.71,3.0,401.71,3.0,1.0,1.0,401.71,3,401.71,3.0,1.0,1.0
Philippines,2022,245.17999999999998,7.0,245.17999999999998,7.0,1.0,1.0,245.17999999999998,7,245.17999999999998,7.0,1.0,1.0
Philippines,2023,2081.56,12.0,2081.56,12.0,1.0,1.0,2081.56,12,2081.56,12.0,1.0,1.0
Philippines,2024,4144.24,6.0,4144.24,6.0,1.0,1.0,4144.24,6,4144.24,6.0,1.0,1.0
Russian Federation,2012,50.677,3.0,50.677,3.0,1.0,1.0,50.677,3,50.677,3.0,1.0,1.0
Russian Federation,2014,,,,,,,262.0,1,262.0,1.0,1.0,1.0
Russian Federation,2015,282.0,3.0,282.0,3.0,1.0,1.0,282.0,3,282.0,3.0,1.0,1.0
Russian Federation,2016,207.01000000000002,2.0,207.01000000000002,2.0,1.0,1.0,207.01000000000002,2,207.01000000000002,2.0,1.0,1.0
Russian Federation,2017,161.0,3.0,161.0,3.0,1.0,1.0,161.0,3,161.0,3.0,1.0,1.0
Russian Federation,2018,487.42,6.0,487.42,6.0,1.0,1.0,487.42,6,487.42,6.0,1.0,1.0
Russian Federation,2019,652.3100000000001,5.0,652.3100000000001,5.0,1.0,1.0,652.3100000000001,5,652.3100000000001,5.0,1.0,1.0
Russian Federation,2020,486.95,6.0,307.95,5.0,0.6324057911489885,0.8333333333333334,486.95,6,307.95,5.0,0.6324057911489885,0.8333333333333334
Russian Federation,2021,101.02,5.0,101.02,5.0,1.0,1.0,101.02,5,101.02,5.0,1.0,1.0
Rwanda,2010,16.0,1.0,0.0,0.0,0.0,0.0,16.0,1,0.0,0.0,0.0,0.0
Rwanda,2011,142.0,1.0,0.0,0.0,0.0,0.0,142.0,1,0.0,0.0,0.0,0.0
Rwanda,2012,12.0,1.0,12.0,1.0,1.0,1.0,12.0,1,12.0,1.0,1.0,1.0
Rwanda,2014,60.1,2.0,60.1,2.0,1.0,1.0,60.1,2,60.1,2.0,1.0,1.0
Rwanda,2017,362.0,2.0,362.0,2.0,1.0,1.0,362.0,2,362.0,2.0,1.0,1.0
Rwanda,2023,40.0,2.0,40.0,2.0,1.0,1.0,40.0,2,40.0,2.0,1.0,1.0
Rwanda,2024,7.3,1.0,7.3,1.0,1.0,1.0,7.3,1,7.3,1.0,1.0,1.0
Senegal,2010,22.0,1.0,22.0,1.0,1.0,1.0,22.0,1,22.0,1.0,1.0,1.0
Senegal,2015,114.15,1.0,0.0,0.0,0.0,0.0,114.15,1,0.0,0.0,0.0,0.0
Senegal,2016,75.50999999999999,2.0,75.50999999999999,2.0,1.0,1.0,75.50999999999999,2,75.50999999999999,2.0,1.0,1.0
Senegal,2017,62.9,2.0,25.9,1.0,0.4117647058823529,0.5,62.9,2,25.9,1.0,0.4117647058823529,0.5
Senegal,2018,493.6,1.0,493.6,1.0,1.0,1.0,493.6,1,493.6,1.0,1.0,1.0
Senegal,2019,53.9,2.0,53.9,2.0,1.0,1.0,53.9,2,53.9,2.0,1.0,1.0
Senegal,2023,297.45,4.0,134.92000000000002,3.0,0.4535888384602455,0.75,297.45,4,134.92000000000002,3.0,0.4535888384602455,0.75
Senegal,2024,585.7,2.0,110.7,1.0,0.18900460986853337,0.5,585.7,2,110.7,1.0,0.18900460986853337,0.5
Serbia ,2012,11.4,2.0,11.4,2.0,1.0,1.0,11.4,2,11.4,2.0,1.0,1.0
Serbia ,2014,558.6,1.0,558.6,1.0,1.0,1.0,562.6,2,562.6,2.0,1.0,1.0
Serbia ,2017,818.0,4.0,818.0,4.0,1.0,1.0,818.0,4,818.0,4.0,1.0,1.0
Serbia ,2022,18.46,1.0,18.46,1.0,1.0,1.0,18.46,1,18.46,1.0,1.0,1.0
Serbia ,2023,168.85,1.0,168.85,1.0,1.0,1.0,168.85,1,168.85,1.0,1.0,1.0
Serbia ,2024,416.78999999999996,3.0,416.78999999999996,3.0,1.0,1.0,416.78999999999996,3,416.78999999999996,3.0,1.0,1.0
Sierra Leone,2011,30.0,1.0,30.0,1.0,1.0,1.0,30.0,1,30.0,1.0,1.0,1.0
Sierra Leone,2018,40.0,1.0,0.0,0.0,0.0,0.0,40.0,1,0.0,0.0,0.0,0.0
Sierra Leone,2023,1.2,1.0,1.2,1.0,1.0,1.0,1.2,1,1.2,1.0,1.0,1.0
Sierra Leone,2024,417.0,1.0,0.0,0.0,0.0,0.0,417.0,1,0.0,0.0,0.0,0.0
Solomon Islands,2012,0.0,2.0,0.0,2.0,,1.0,0.0,2,0.0,2.0,,1.0
Solomon Islands,2019,233.37,1.0,233.37,1.0,1.0,1.0,233.37,1,233.37,1.0,1.0,1.0
Somalia,2023,5.67,1.0,5.67,1.0,1.0,1.0,5.67,1,5.67,1.0,1.0,1.0
South Africa,2010,6.0,1.0,0.0,0.0,0.0,0.0,6.0,1,0.0,0.0,0.0,0.0
South Africa,2012,5648.61,29.0,5648.61,29.0,1.0,1.0,5648.61,29,5648.61,29.0,1.0,1.0
South Africa,2013,2630.69,12.0,2630.69,12.0,1.0,1.0,2630.69,12,2630.69,12.0,1.0,1.0
South Africa,2014,87.0,3.0,87.0,3.0,1.0,1.0,87.0,3,87.0,3.0,1.0,1.0
South Africa,2015,3906.44,15.0,3906.44,15.0,1.0,1.0,4035.44,16,4035.44,16.0,1.0,1.0
South Africa,2016,779.4,1.0,779.4,1.0,1.0,1.0,779.4,1,779.4,1.0,1.0,1.0
South Africa,2018,4347.23,21.0,4347.23,21.0,1.0,1.0,4347.23,21,4347.23,21.0,1.0,1.0
South Africa,2021,826.3,1.0,826.3,1.0,1.0,1.0,826.3,1,826.3,1.0,1.0,1.0
South Africa,2022,1307.03,3.0,1307.03,3.0,1.0,1.0,1307.03,3,1307.03,3.0,1.0,1.0
South Africa,2023,1216.22,10.0,1216.22,10.0,1.0,1.0,1216.22,10,1216.22,10.0,1.0,1.0
South Africa,2024,1621.5900000000001,6.0,1621.5900000000001,6.0,1.0,1.0,1621.5900000000001,6,1621.5900000000001,6.0,1.0,1.0
South Sudan,2024,20.0,2.0,20.0,2.0,1.0,1.0,20.0,2,20.0,2.0,1.0,1.0
Sri Lanka,2010,684.4,9.0,159.4,7.0,0.23290473407364115,0.7777777777777778,684.4,9,159.4,7.0,0.23290473407364115,0.7777777777777778
Sri Lanka,2011,116.96,11.0,116.96,11.0,1.0,1.0,116.96,11,116.96,11.0,1.0,1.0
Sri Lanka,2012,354.90000000000003,10.0,354.90000000000003,10.0,1.0,1.0,354.90000000000003,10,354.90000000000003,10.0,1.0,1.0
Sri Lanka,2014,13.585,1.0,13.585,1.0,1.0,1.0,13.585,1,13.585,1.0,1.0,1.0
Sri Lanka,2023,8.32,1.0,8.32,1.0,1.0,1.0,8.32,1,8.32,1.0,1.0,1.0
St. Kitts and Nevis,2020,47.85,1.0,47.85,1.0,1.0,1.0,47.85,1,47.85,1.0,1.0,1.0
St. Lucia,2017,20.0,1.0,20.0,1.0,1.0,1.0,20.0,1,20.0,1.0,1.0,1.0
St. Vincent and the Grenadines,2019,82.0,1.0,82.0,1.0,1.0,1.0,82.0,1,82.0,1.0,1.0,1.0
São Tomé and Principe,2023,30.0,1.0,30.0,1.0,1.0,1.0,30.0,1,30.0,1.0,1.0,1.0
Tanzania,2011,134.1,3.0,0.0,0.0,0.0,0.0,134.1,3,0.0,0.0,0.0,0.0
Tanzania,2020,1.2,1.0,1.2,1.0,1.0,1.0,1.2,1,1.2,1.0,1.0,1.0
Tanzania,2023,30.0,1.0,30.0,1.0,1.0,1.0,30.0,1,30.0,1.0,1.0,1.0
Tanzania,2024,15.0,1.0,15.0,1.0,1.0,1.0,15.0,1,15.0,1.0,1.0,1.0
Thailand,2010,1055.361,7.0,456.21000000000004,4.0,0.43227862314411847,0.5714285714285714,1055.361,7,456.21000000000004,4.0,0.43227862314411847,0.5714285714285714
Thailand,2011,1699.5,9.0,514.5,8.0,0.3027360988526037,0.8888888888888888,1699.5,9,514.5,8.0,0.3027360988526037,0.8888888888888888
Thailand,2012,2078.9,21.0,792.7,19.0,0.38130742219442976,0.9047619047619048,2078.9,21,792.7,19.0,0.38130742219442976,0.9047619047619048
Thailand,2013,616.19,12.0,261.19,10.0,0.42387899836089515,0.8333333333333334,616.19,12,261.19,10.0,0.42387899836089515,0.8333333333333334
Thailand,2014,4345.03,6.0,311.03,2.0,0.07158293498548916,0.3333333333333333,4345.03,6,311.03,2.0,0.07158293498548916,0.3333333333333333
Thailand,2015,1651.375,12.0,1312.7350000000001,9.0,0.7949345242600864,0.75,1651.375,12,1312.7350000000001,9.0,0.7949345242600864,0.75
Thailand,2016,433.28,3.0,197.28,2.0,0.45531757754800595,0.6666666666666666,433.28,3,197.28,2.0,0.45531757754800595,0.6666666666666666
Thailand,2017,1371.97,4.0,1254.47,3.0,0.9143567279167912,0.75,1467.57,6,1350.07,5.0,0.9199356759813841,0.8333333333333334
Thailand,2018,1706.02,3.0,171.62,2.0,0.1005967104723274,0.6666666666666666,1706.02,3,171.62,2.0,0.1005967104723274,0.6666666666666666
Thailand,2019,1653.34,1.0,0.0,0.0,0.0,0.0,1653.34,1,0.0,0.0,0.0,0.0
Thailand,2020,229.24,3.0,93.5,2.0,0.40786948176583493,0.6666666666666666,254.8,4,119.06,3.0,0.4672684458398744,0.75
Thailand,2022,794.51,2.0,0.0,0.0,0.0,0.0,794.51,2,0.0,0.0,0.0,0.0
Thailand,2024,1798.7,2.0,1798.7,2.0,1.0,1.0,1798.7,2,1798.7,2.0,1.0,1.0
Togo,2020,182.23,2.0,182.23,2.0,1.0,1.0,182.23,2,182.23,2.0,1.0,1.0
Togo,2022,76.12,3.0,76.12,3.0,1.0,1.0,76.12,3,76.12,3.0,1.0,1.0
Tonga,2011,6.4,1.0,6.4,1.0,1.0,1.0,6.4,1,6.4,1.0,1.0,1.0
Tunisia,2019,10.0,1.0,10.0,1.0,1.0,1.0,10.0,1,10.0,1.0,1.0,1.0
Tunisia,2020,40.0,1.0,40.0,1.0,1.0,1.0,40.0,1,40.0,1.0,1.0,1.0
Tunisia,2022,104.98,2.0,104.98,2.0,1.0,1.0,104.98,2,104.98,2.0,1.0,1.0
Tunisia,2023,86.0,1.0,86.0,1.0,1.0,1.0,86.0,1,86.0,1.0,1.0,1.0
Tunisia,2024,104.10000000000001,3.0,104.10000000000001,3.0,1.0,1.0,104.10000000000001,3,104.10000000000001,3.0,1.0,1.0
Turkey,2010,784.1800000000001,10.0,784.1800000000001,10.0,1.0,1.0,2614.78,15,2614.78,15.0,1.0,1.0
Turkey,2011,4329.27,30.0,1208.11,25.0,0.27905628431583146,0.8333333333333334,6074.77,37,2953.61,32.0,0.4862093544282335,0.8648648648648649
Turkey,2012,2431.4500000000003,15.0,1081.45,14.0,0.4447757510950256,0.9333333333333333,2923.75,20,1573.75,19.0,0.5382642154766994,0.95
Turkey,2013,6232.6,12.0,339.6,7.0,0.05448769373937041,0.5833333333333334,6232.6,12,339.6,7.0,0.05448769373937041,0.5833333333333334
Turkey,2014,11072.45,14.0,1056.45,10.0,0.09541248775113005,0.7142857142857143,11072.45,14,1056.45,10.0,0.09541248775113005,0.7142857142857143
Turkey,2015,1578.0700000000002,3.0,983.5,2.0,0.623229641270666,0.6666666666666666,1578.0700000000002,4,983.5,3.0,0.623229641270666,0.75
Turkey,2016,357.4,11.0,357.4,11.0,1.0,1.0,2759.5,16,2759.5,16.0,1.0,1.0
Turkey,2017,308.5,5.0,308.5,5.0,1.0,1.0,708.5,6,708.5,6.0,1.0,1.0
Turkey,2018,607.51,4.0,607.51,4.0,1.0,1.0,607.51,4,607.51,4.0,1.0,1.0
Turkey,2019,482.0,4.0,482.0,4.0,1.0,1.0,782.95,5,782.95,5.0,1.0,1.0
Turkey,2020,408.96999999999997,8.0,408.96999999999997,8.0,1.0,1.0,408.96999999999997,8,408.96999999999997,8.0,1.0,1.0
Turkey,2021,1110.0,1.0,1110.0,1.0,1.0,1.0,1134.0,2,1134.0,2.0,1.0,1.0
Turkey,2022,102.0,1.0,102.0,1.0,1.0,1.0,102.0,1,102.0,1.0,1.0,1.0
Turkey,2023,235.82,3.0,235.82,3.0,1.0,1.0,235.82,3,235.82,3.0,1.0,1.0
Turkey,2024,1707.09,8.0,1707.09,8.0,1.0,1.0,1707.09,8,1707.09,8.0,1.0,1.0
Uganda,2012,34.0,1.0,34.0,1.0,1.0,1.0,34.0,1,34.0,1.0,1.0,1.0
Uganda,2015,45.4,2.0,45.4,2.0,1.0,1.0,45.4,2,45.4,2.0,1.0,1.0
Uganda,2016,64.03999999999999,4.0,64.03999999999999,4.0,1.0,1.0,64.03999999999999,4,64.03999999999999,4.0,1.0,1.0
Uganda,2017,19.3,1.0,19.3,1.0,1.0,1.0,19.3,1,19.3,1.0,1.0,1.0
Uganda,2019,87.0,1.0,87.0,1.0,1.0,1.0,87.0,1,87.0,1.0,1.0,1.0
Uganda,2022,22.0,1.0,22.0,1.0,1.0,1.0,22.0,1,22.0,1.0,1.0,1.0
Uganda,2023,19.0,1.0,19.0,1.0,1.0,1.0,19.0,1,19.0,1.0,1.0,1.0
Uganda,2024,95.0,1.0,95.0,1.0,1.0,1.0,95.0,1,95.0,1.0,1.0,1.0
Ukraine,2010,311.6,4.0,0.0,0.0,0.0,0.0,311.6,4,0.0,0.0,0.0,0.0
Ukraine,2011,760.6,5.0,760.6,5.0,1.0,1.0,760.6,5,760.6,5.0,1.0,1.0
Ukraine,2012,940.2,10.0,940.2,10.0,1.0,1.0,940.2,10,940.2,10.0,1.0,1.0
Ukraine,2017,24.5,2.0,24.5,2.0,1.0,1.0,24.5,2,24.5,2.0,1.0,1.0
Ukraine,2018,669.22,10.0,669.22,10.0,1.0,1.0,669.22,10,669.22,10.0,1.0,1.0
Ukraine,2019,1348.8600000000001,12.0,1348.8600000000001,12.0,1.0,1.0,1348.8600000000001,12,1348.8600000000001,12.0,1.0,1.0
Ukraine,2020,15.0,1.0,15.0,1.0,1.0,1.0,15.0,1,15.0,1.0,1.0,1.0
Ukraine,2021,1451.0,1.0,1451.0,1.0,1.0,1.0,1451.0,1,1451.0,1.0,1.0,1.0
Uzbekistan,2019,12.0,1.0,12.0,1.0,1.0,1.0,12.0,1,12.0,1.0,1.0,1.0
Uzbekistan,2020,120.0,1.0,120.0,1.0,1.0,1.0,120.0,1,120.0,1.0,1.0,1.0
Uzbekistan,2021,1002.0,1.0,0.0,0.0,0.0,0.0,1002.0,1,0.0,0.0,0.0,0.0
Uzbekistan,2022,1945.4,3.0,1945.4,3.0,1.0,1.0,1945.4,3,1945.4,3.0,1.0,1.0
Uzbekistan,2023,2693.94,7.0,1611.94,6.0,0.5983577956450403,0.8571428571428571,2693.94,7,1611.94,6.0,0.5983577956450403,0.8571428571428571
Uzbekistan,2024,1154.57,7.0,1154.57,7.0,1.0,1.0,1154.57,7,1154.57,7.0,1.0,1.0
Vietnam,2010,435.05,13.0,435.05,13.0,1.0,1.0,922.6500000000001,18,922.6500000000001,18.0,1.0,1.0
Vietnam,2011,2495.17,11.0,377.16999999999996,9.0,0.1511600411995976,0.8181818181818182,2771.77,13,653.77,11.0,0.23586733386969336,0.8461538461538461
Vietnam,2012,138.3,11.0,138.3,11.0,1.0,1.0,258.5,12,258.5,12.0,1.0,1.0
Vietnam,2014,1790.0,2.0,50.0,1.0,0.027932960893854747,0.5,1790.0,2,50.0,1.0,0.027932960893854747,0.5
Vietnam,2016,,,,,,,200.0,1,200.0,1.0,1.0,1.0
Vietnam,2017,2400.0,1.0,0.0,0.0,0.0,0.0,2400.0,1,0.0,0.0,0.0,0.0
Vietnam,2018,3645.7,13.0,1776.7,12.0,0.4873412513371918,0.9230769230769231,3645.7,13,1776.7,12.0,0.4873412513371918,0.9230769230769231
Vietnam,2019,3180.48,8.0,505.48,7.0,0.15893198510916592,0.875,3180.48,8,505.48,7.0,0.15893198510916592,0.875
Vietnam,2020,2686.91,15.0,2686.91,15.0,1.0,1.0,2686.91,15,2686.91,15.0,1.0,1.0
Vietnam,2021,3102.66,9.0,809.66,8.0,0.2609567274532176,0.8888888888888888,3276.66,11,983.66,10.0,0.3002020349990539,0.9090909090909091
Vietnam,2022,2487.16,3.0,125.5,2.0,0.050459158236703716,0.6666666666666666,2487.16,3,125.5,2.0,0.050459158236703716,0.6666666666666666
Vietnam,2023,117.0,2.0,117.0,2.0,1.0,1.0,117.0,2,117.0,2.0,1.0,1.0
Vietnam,2024,1640.0,3.0,240.0,2.0,0.14634146341463414,0.6666666666666666,1640.0,3,240.0,2.0,0.14634146341463414,0.6666666666666666
Zambia,2010,,,,,,,1500.0,1,1500.0,1.0,1.0,1.0
Zambia,2011,,,,,,,239.0,1,239.0,1.0,1.0,1.0
Zambia,2015,830.0,1.0,0.0,0.0,0.0,0.0,830.0,1,0.0,0.0,0.0,0.0
Zambia,2017,59.0,1.0,59.0,1.0,1.0,1.0,59.0,1,59.0,1.0,1.0,1.0
Zambia,2018,45.0,1.0,45.0,1.0,1.0,1.0,45.0,1,45.0,1.0,1.0,1.0
Zambia,2021,336.0,1.0,336.0,1.0,1.0,1.0,336.0,1,336.0,1.0,1.0,1.0
Zambia,2023,7.5,1.0,7.5,1.0,1.0,1.0,7.5,1,7.5,1.0,1.0,1.0
Zambia,2024,96.7,1.0,96.7,1.0,1.0,1.0,96.7,1,96.7,1.0,1.0,1.0
Zimbabwe,2017,65.7,2.0,65.7,2.0,1.0,1.0,65.7,2,65.7,2.0,1.0,1.0
Zimbabwe,2022,43.0,1.0,43.0,1.0,1.0,1.0,43.0,1,43.0,1.0,1.0,1.0
Zimbabwe,2024,251.5,2.0,251.5,2.0,1.0,1.0,251.5,2,251.5,2.0,1.0,1.0
