Country,Financial closure year,total_projects,total_investment,resilient_projects,resilient_investment,resilient_share_count,resilient_share_value
Afghanistan,2003,1,1.58,0.0,0.0,0.0,0.0
Afghanistan,2005,1,40.1,0.0,0.0,0.0,0.0
Afghanistan,2006,1,8.3,0.0,0.0,0.0,0.0
Afghanistan,2017,1,19.0,1.0,19.0,1.0,1.0
Afghanistan,2019,3,190.49,1.0,18.89,0.3333333333333333,0.09916531051498766
Albania,2000,1,102.2,0.0,0.0,0.0,0.0
Albania,2002,3,16.0,3.0,16.0,1.0,1.0
Albania,2003,2,0.0,2.0,0.0,1.0,
Albania,2005,1,308.0,0.0,0.0,0.0,0.0
Albania,2007,1,161.0,0.0,0.0,0.0,0.0
Albania,2009,2,272.0,2.0,272.0,1.0,1.0
Albania,2011,1,4.16,1.0,4.16,1.0,1.0
Albania,2012,8,1504.3999999999999,8.0,1504.3999999999999,1.0,1.0
Albania,2013,2,70.69999999999999,1.0,19.4,0.5,0.27439886845827444
Albania,2014,1,177.3,1.0,177.3,1.0,1.0
Albania,2017,1,284.6,0.0,0.0,0.0,0.0
Albania,2018,2,178.9,0.0,0.0,0.0,0.0
Albania,2021,1,124.8,0.0,0.0,0.0,0.0
Albania,2023,2,187.33,2.0,187.33,1.0,1.0
Algeria,2001,1,368.5,0.0,0.0,0.0,0.0
Algeria,2004,1,562.0,0.0,0.0,0.0,0.0
Algeria,2005,7,1392.0,4.0,510.0,0.5714285714285714,0.36637931034482757
Algeria,2006,3,2320.0,0.0,0.0,0.0,0.0
Algeria,2007,4,391.0,3.0,230.0,0.75,0.5882352941176471
Algeria,2008,5,874.0,5.0,874.0,1.0,1.0
Algeria,2009,5,926.0,2.0,468.0,0.4,0.5053995680345572
Algeria,2011,1,0.0,1.0,0.0,1.0,
Algeria,2012,1,30.3,1.0,30.3,1.0,1.0
Algeria,2017,2,21.709999999999997,0.0,0.0,0.0,0.0
Algeria,2023,1,358.82,0.0,0.0,0.0,0.0
Angola,2001,1,68.0,0.0,0.0,0.0,0.0
Angola,2003,1,45.0,1.0,45.0,1.0,1.0
Angola,2006,2,9.4,0.0,0.0,0.0,0.0
Angola,2007,3,53.0,0.0,0.0,0.0,0.0
Angola,2008,1,0.0,0.0,0.0,0.0,
Angola,2009,1,120.0,1.0,120.0,1.0,1.0
Angola,2010,1,200.0,0.0,0.0,0.0,0.0
Angola,2014,1,112.0,1.0,112.0,1.0,1.0
Angola,2021,1,190.0,0.0,0.0,0.0,0.0
Angola,2023,1,31.0,0.0,0.0,0.0,0.0
Angola,2024,2,2400.0,1.0,1600.0,0.5,0.6666666666666666
Argentina,2000,10,956.0,3.0,691.1,0.3,0.722907949790795
Argentina,2001,4,70.4,0.0,0.0,0.0,0.0
Argentina,2002,1,67.0,1.0,67.0,1.0,1.0
Argentina,2003,6,0.0,0.0,0.0,0.0,
Argentina,2006,4,1396.0,0.0,0.0,0.0,0.0
Argentina,2007,1,9.5,0.0,0.0,0.0,0.0
Argentina,2008,3,536.0,0.0,0.0,0.0,0.0
Argentina,2009,1,5.89,0.0,0.0,0.0,0.0
Argentina,2010,8,0.0,0.0,0.0,0.0,
Argentina,2011,5,410.3,3.0,175.8,0.6,0.42846697538386547
Argentina,2012,5,593.0,5.0,593.0,1.0,1.0
Argentina,2013,3,1039.0,3.0,1039.0,1.0,1.0
Argentina,2015,1,120.0,1.0,120.0,1.0,1.0
Argentina,2017,11,1826.1,7.0,737.6,0.6363636363636364,0.40392092437434973
Argentina,2018,18,1151.82,17.0,926.82,0.9444444444444444,0.8046569776527583
Argentina,2019,11,2060.4,10.0,1895.4,0.9090909090909091,0.9199184624344787
Argentina,2020,1,160.0,1.0,160.0,1.0,1.0
Argentina,2022,4,516.0,3.0,381.0,0.75,0.7383720930232558
Argentina,2023,7,1595.0,4.0,720.0,0.5714285714285714,0.45141065830721006
Argentina,2024,2,143.0,1.0,33.0,0.5,0.23076923076923078
Armenia,2000,1,0.0,1.0,0.0,1.0,
Armenia,2001,3,294.0,0.0,0.0,0.0,0.0
Armenia,2003,1,25.0,1.0,25.0,1.0,1.0
Armenia,2004,6,0.0,6.0,0.0,1.0,
Armenia,2005,4,0.0,4.0,0.0,1.0,
Armenia,2006,2,200.0,0.0,0.0,0.0,0.0
Armenia,2007,1,10.0,0.0,0.0,0.0,0.0
Armenia,2008,2,908.0,0.0,0.0,0.0,0.0
Armenia,2015,1,250.0,1.0,250.0,1.0,1.0
Armenia,2016,1,200.0,1.0,200.0,1.0,1.0
Armenia,2019,1,321.4,0.0,0.0,0.0,0.0
Armenia,2021,1,53.01,1.0,53.01,1.0,1.0
Armenia,2022,1,37.0,1.0,37.0,1.0,1.0
Armenia,2023,1,26.0,0.0,0.0,0.0,0.0
Azerbaijan,2001,1,0.0,1.0,0.0,1.0,
Azerbaijan,2021,1,200.0,1.0,200.0,1.0,1.0
Azerbaijan,2022,1,250.0,1.0,250.0,1.0,1.0
Azerbaijan,2023,1,348.0,1.0,348.0,1.0,1.0
Azerbaijan,2024,3,1024.0,3.0,1024.0,1.0,1.0
Bangladesh,2000,3,50.3,0.0,0.0,0.0,0.0
Bangladesh,2001,3,493.0,0.0,0.0,0.0,0.0
Bangladesh,2004,4,0.0,0.0,0.0,0.0,
Bangladesh,2005,2,50.0,0.0,0.0,0.0,0.0
Bangladesh,2006,2,9.0,1.0,9.0,0.5,1.0
Bangladesh,2007,1,7.3,0.0,0.0,0.0,0.0
Bangladesh,2008,6,177.4,0.0,0.0,0.0,0.0
Bangladesh,2009,4,37.870000000000005,0.0,0.0,0.0,0.0
Bangladesh,2010,6,107.5,0.0,0.0,0.0,0.0
Bangladesh,2011,4,129.362,0.0,0.0,0.0,0.0
Bangladesh,2012,8,1516.0,0.0,0.0,0.0,0.0
Bangladesh,2013,1,40.3,0.0,0.0,0.0,0.0
Bangladesh,2014,5,586.5,0.0,0.0,0.0,0.0
Bangladesh,2015,1,300.0,0.0,0.0,0.0,0.0
Bangladesh,2016,1,170.0,0.0,0.0,0.0,0.0
Bangladesh,2017,3,617.58,0.0,0.0,0.0,0.0
Bangladesh,2018,2,596.0,1.0,327.0,0.5,0.5486577181208053
Bangladesh,2019,4,1016.97,2.0,107.71000000000001,0.5,0.1059126621237598
Bangladesh,2020,6,3120.0,2.0,133.0,0.3333333333333333,0.04262820512820513
Bangladesh,2021,1,0.0,0.0,0.0,0.0,
Bangladesh,2022,2,990.53,0.0,0.0,0.0,0.0
Bangladesh,2023,3,508.55,2.0,247.55,0.6666666666666666,0.4867761282076492
Bangladesh,2024,1,24.3,1.0,24.3,1.0,1.0
Belarus,2001,1,38.5,0.0,0.0,0.0,0.0
Belarus,2007,5,5000.0,0.0,0.0,0.0,0.0
Belarus,2008,2,803.96,0.0,0.0,0.0,0.0
Belarus,2019,1,11.3,1.0,11.3,1.0,1.0
Belize,2001,1,49.6,1.0,49.6,1.0,1.0
Belize,2002,1,37.6,0.0,0.0,0.0,0.0
Belize,2003,1,45.0,0.0,0.0,0.0,0.0
Belize,2007,1,62.0,1.0,62.0,1.0,1.0
Belize,2019,1,8.6,0.0,0.0,0.0,0.0
Benin,2000,1,60.0,0.0,0.0,0.0,0.0
Benin,2005,1,590.0,0.0,0.0,0.0,0.0
Benin,2009,1,489.0,0.0,0.0,0.0,0.0
Benin,2022,6,15.82,6.0,15.82,1.0,1.0
Benin,2023,2,9.6,2.0,9.6,1.0,1.0
Benin,2024,1,21.08,0.0,0.0,0.0,0.0
Bhutan,2006,1,17.5,0.0,0.0,0.0,0.0
Bhutan,2008,1,201.5,1.0,201.5,1.0,1.0
Bhutan,2009,1,201.0,1.0,201.0,1.0,1.0
Bolivia,2000,3,140.1,1.0,53.5,0.3333333333333333,0.3818700927908637
Bolivia,2001,1,40.0,0.0,0.0,0.0,0.0
Bolivia,2002,2,419.0,0.0,0.0,0.0,0.0
Bosnia and Herzegovina,2006,1,901.5,0.0,0.0,0.0,0.0
Bosnia and Herzegovina,2012,1,661.9,0.0,0.0,0.0,0.0
Bosnia and Herzegovina,2020,1,78.78,1.0,78.78,1.0,1.0
Bosnia and Herzegovina,2022,2,9.48,2.0,9.48,1.0,1.0
Bosnia and Herzegovina,2023,1,485.75,1.0,485.75,1.0,1.0
Botswana,2011,1,104.0,0.0,0.0,0.0,0.0
Botswana,2021,1,92.0,1.0,92.0,1.0,1.0
Botswana,2022,1,5.0,1.0,5.0,1.0,1.0
Botswana,2023,2,91.0,1.0,60.0,0.5,0.6593406593406593
Botswana,2024,3,60.5,3.0,60.5,1.0,1.0
Brazil,2000,73,7573.8099999999995,36.0,5304.41,0.4931506849315068,0.7003621691064339
Brazil,2001,43,6603.64,23.0,1412.1399999999999,0.5348837209302325,0.21384266858883885
Brazil,2002,51,3309.86,25.0,1009.5600000000001,0.49019607843137253,0.30501592212359435
Brazil,2003,34,6078.889999999999,27.0,5085.889999999999,0.7941176470588235,0.8366478090572457
Brazil,2004,16,533.23,14.0,307.03,0.875,0.5757928098569097
Brazil,2005,36,2742.81,30.0,2377.65,0.8333333333333334,0.8668664617673116
Brazil,2006,17,1858.3,13.0,1590.0,0.7647058823529411,0.8556207286229349
Brazil,2007,27,6158.57,22.0,4695.27,0.8148148148148148,0.762396140662524
Brazil,2008,44,13620.93,29.0,4061.5,0.6590909090909091,0.29818081437904753
Brazil,2009,49,26331.0,34.0,15229.7,0.6938775510204082,0.5783942881014774
Brazil,2010,32,3947.12,22.0,1714.5,0.6875,0.4343673361843572
Brazil,2011,49,16526.760000000002,34.0,6587.8,0.6938775510204082,0.3986141264228439
Brazil,2012,58,47356.770000000004,44.0,25650.53,0.7586206896551724,0.5416444153602535
Brazil,2013,57,18206.72,41.0,7735.12,0.7192982456140351,0.42484972581552305
Brazil,2014,54,40387.15,41.0,7186.0,0.7592592592592593,0.17792788052635553
Brazil,2015,52,5823.1900000000005,42.0,3884.5,0.8076923076923077,0.6670742325082987
Brazil,2016,53,15610.22,36.0,8578.9,0.6792452830188679,0.5495694487329454
Brazil,2017,19,3932.3,16.0,3552.2,0.8421052631578947,0.903339012791496
Brazil,2018,37,4828.92,29.0,1838.6200000000001,0.7837837837837838,0.3807518037159448
Brazil,2019,22,16016.61,10.0,2201.34,0.45454545454545453,0.1374410689902545
Brazil,2020,33,6524.82,27.0,4165.7,0.8181818181818182,0.6384390680509194
Brazil,2021,30,8017.6,20.0,4054.57,0.6666666666666666,0.5057086908800639
Brazil,2022,46,15833.33,31.0,4237.79,0.6739130434782609,0.26764995108420025
Brazil,2023,46,10692.3,30.0,6631.15,0.6521739130434783,0.6201799425754982
Brazil,2024,56,10567.82,40.0,4546.2,0.7142857142857143,0.43019279283712253
Bulgaria,2000,1,152.0,1.0,152.0,1.0,1.0
Bulgaria,2003,8,806.9,0.0,0.0,0.0,0.0
Bulgaria,2004,3,384.5,0.0,0.0,0.0,0.0
Bulgaria,2005,2,1402.12,0.0,0.0,0.0,0.0
Bulgaria,2006,9,1240.8600000000001,1.0,1.6,0.1111111111111111,0.0012894282997276082
Bulgaria,2007,3,180.8,1.0,63.8,0.3333333333333333,0.35287610619469023
Bulgaria,2008,2,375.86,2.0,375.86,1.0,1.0
Bulgaria,2009,6,316.38,4.0,184.8,0.6666666666666666,0.5841077185662811
Bulgaria,2010,3,166.83999999999997,3.0,166.83999999999997,1.0,1.0
Bulgaria,2011,7,569.69,7.0,569.69,1.0,1.0
Bulgaria,2012,12,550.6800000000001,12.0,550.6800000000001,1.0,1.0
Bulgaria,2013,2,188.4,1.0,165.0,0.5,0.8757961783439491
Bulgaria,2014,3,7.15,0.0,0.0,0.0,0.0
Bulgaria,2016,2,2.55,0.0,0.0,0.0,0.0
Bulgaria,2018,2,4.98,0.0,0.0,0.0,0.0
Bulgaria,2019,6,66.58,1.0,11.59,0.16666666666666666,0.17407629918894563
Bulgaria,2020,14,221.96,1.0,7.53,0.07142857142857142,0.033925031537213914
Bulgaria,2021,11,936.0999999999999,5.0,20.32,0.45454545454545453,0.021707082576647798
Bulgaria,2022,3,109.57,1.0,106.39,0.3333333333333333,0.9709774573332117
Bulgaria,2023,13,480.82,5.0,338.95,0.38461538461538464,0.7049415581714571
Bulgaria,2024,6,376.53000000000003,5.0,366.5,0.8333333333333334,0.9733620163068015
Burkina Faso,2006,1,290.0,0.0,0.0,0.0,0.0
Burkina Faso,2017,1,471.3,0.0,0.0,0.0,0.0
Burkina Faso,2021,5,186.01,5.0,186.01,1.0,1.0
Burkina Faso,2022,1,46.4,1.0,46.4,1.0,1.0
Burkina Faso,2024,1,27.7,1.0,27.7,1.0,1.0
Burundi,2020,1,15.7,1.0,15.7,1.0,1.0
Burundi,2023,1,1.0,1.0,1.0,1.0,1.0
Burundi,2024,1,7.7,1.0,7.7,1.0,1.0
Cabo Verde,2010,1,80.0,1.0,80.0,1.0,1.0
Cabo Verde,2019,1,25.0,0.0,0.0,0.0,0.0
Cabo Verde,2023,2,180.18,1.0,30.0,0.5,0.1665001665001665
Cambodia,2001,5,164.0,2.0,67.1,0.4,0.4091463414634146
Cambodia,2002,1,7.2,0.0,0.0,0.0,0.0
Cambodia,2004,2,31.0,0.0,0.0,0.0,0.0
Cambodia,2005,1,25.0,0.0,0.0,0.0,0.0
Cambodia,2006,1,40.1,0.0,0.0,0.0,0.0
Cambodia,2007,3,541.63,3.0,541.63,1.0,1.0
Cambodia,2009,1,0.0,0.0,0.0,0.0,
Cambodia,2010,4,1757.0,3.0,1510.0,0.75,0.8594194649971543
Cambodia,2012,1,0.0,1.0,0.0,1.0,
Cambodia,2017,2,1012.5,1.0,12.5,0.5,0.012345679012345678
Cambodia,2019,2,1875.0,0.0,0.0,0.0,0.0
Cambodia,2020,1,45.0,1.0,45.0,1.0,1.0
Cambodia,2021,1,41.2,1.0,41.2,1.0,1.0
Cambodia,2022,1,7.0,1.0,7.0,1.0,1.0
Cambodia,2023,2,449.8,2.0,449.8,1.0,1.0
Cameroon,2000,1,95.0,0.0,0.0,0.0,0.0
Cameroon,2004,1,0.0,0.0,0.0,0.0,
Cameroon,2007,1,0.0,1.0,0.0,1.0,
Cameroon,2009,1,126.0,0.0,0.0,0.0,0.0
Cameroon,2010,1,342.0,0.0,0.0,0.0,0.0
Cameroon,2017,1,568.0,0.0,0.0,0.0,0.0
Cameroon,2018,2,1524.34,1.0,1388.34,0.5,0.910781059343716
Cameroon,2020,1,30.73,0.0,0.0,0.0,0.0
Cameroon,2022,1,52.5,0.0,0.0,0.0,0.0
Cameroon,2023,1,100.0,1.0,100.0,1.0,1.0
Chad,2000,1,0.0,0.0,0.0,0.0,
Chad,2010,1,303.0,0.0,0.0,0.0,0.0
Chad,2020,1,150.0,1.0,150.0,1.0,1.0
Chad,2021,2,71.35,2.0,71.35,1.0,1.0
Chad,2023,1,100.0,1.0,100.0,1.0,1.0
China,2000,26,8834.8,8.0,305.7,0.3076923076923077,0.03460180196495676
China,2001,52,4817.17,13.0,665.21,0.25,0.13809145203511605
China,2002,78,5597.28,23.0,1224.72,0.2948717948717949,0.21880627733470545
China,2003,83,8515.0,33.0,3759.61,0.39759036144578314,0.4415278919553729
China,2004,65,2535.1,33.0,1278.77,0.5076923076923077,0.5044258609127845
China,2005,87,8848.589,48.0,1306.1490000000001,0.5517241379310345,0.14761099198979635
China,2006,84,8396.24103,54.0,1051.15103,0.6428571428571429,0.12519305082407814
China,2007,103,8602.40547,77.0,3047.32547,0.7475728155339806,0.3542410876384789
China,2008,63,2627.06358,54.0,2086.8835799999997,0.8571428571428571,0.7943787869801003
China,2009,48,6171.57,38.0,3491.54,0.7916666666666666,0.5657458312876626
China,2010,20,596.67,20.0,596.67,1.0,1.0
China,2011,87,4503.28,76.0,3372.77,0.8735632183908046,0.7489585368886679
China,2012,77,6033.44,72.0,4154.04,0.935064935064935,0.6885027447028561
China,2013,89,9679.869999999999,79.0,5121.03,0.8876404494382022,0.529039129657733
China,2014,74,8135.63,63.0,3073.46,0.8513513513513513,0.3777777504630864
China,2015,84,7428.83,77.0,4507.68,0.9166666666666666,0.6067819562434462
China,2016,105,10743.891,99.0,6845.941,0.9428571428571428,0.6371938248442767
China,2017,110,19604.93,98.0,7017.49,0.8909090909090909,0.3579451699138941
China,2018,116,30661.12,60.0,6763.6,0.5172413793103449,0.22059207230525174
China,2019,143,29584.08,79.0,6118.23,0.5524475524475524,0.20680818872853235
China,2020,69,6423.05,54.0,3613.73,0.782608695652174,0.5626190049898413
China,2021,56,10401.27,35.0,3873.15,0.625,0.3723727967834697
China,2022,47,30305.94,18.0,1750.6,0.3829787234042553,0.0577642534763812
China,2023,25,9070.58,20.0,6791.63,0.8,0.7487536629410688
China,2024,49,19360.88,44.0,16116.23,0.8979591836734694,0.8324120597824065
Colombia,2000,18,1164.2,4.0,42.0,0.2222222222222222,0.036076275554028515
Colombia,2001,5,153.5,3.0,0.0,0.6,0.0
Colombia,2002,13,161.5,12.0,150.7,0.9230769230769231,0.93312693498452
Colombia,2003,5,165.70000000000002,4.0,55.3,0.8,0.3337356668678334
Colombia,2004,3,77.0,2.0,51.0,0.6666666666666666,0.6623376623376623
Colombia,2005,4,257.28,3.0,15.280000000000001,0.75,0.059390547263681606
Colombia,2006,7,1660.8600000000001,1.0,305.0,0.14285714285714285,0.18363980106691713
Colombia,2007,9,3970.7,7.0,3873.7,0.7777777777777778,0.9755710579998489
Colombia,2008,2,303.7,0.0,0.0,0.0,0.0
Colombia,2010,7,2615.616,1.0,98.716,0.14285714285714285,0.03774101397146982
Colombia,2011,1,684.0,1.0,684.0,1.0,1.0
Colombia,2012,2,835.4,0.0,0.0,0.0,0.0
Colombia,2013,4,979.6999999999999,1.0,129.0,0.25,0.13167296111054405
Colombia,2014,9,4539.5,3.0,384.6,0.3333333333333333,0.0847229871131182
Colombia,2015,8,4554.9,1.0,59.0,0.125,0.012953083492502581
Colombia,2016,11,5506.24,1.0,65.0,0.09090909090909091,0.011804788748765038
Colombia,2017,1,368.5,0.0,0.0,0.0,0.0
Colombia,2018,6,2140.74,2.0,78.0,0.3333333333333333,0.03643599876678159
Colombia,2019,6,3088.5,0.0,0.0,0.0,0.0
Colombia,2020,4,1016.73,2.0,16.73,0.5,0.016454712657244304
Colombia,2021,2,157.52,1.0,24.0,0.5,0.15236160487557135
Colombia,2022,8,2655.56,4.0,515.87,0.5,0.19426034433415174
Colombia,2023,7,1080.67,4.0,376.2,0.5714285714285714,0.3481173716305625
Colombia,2024,8,3854.35,2.0,202.0,0.25,0.05240831787460921
Comoros,2003,1,0.5,0.0,0.0,0.0,0.0
Comoros,2019,1,74.0,0.0,0.0,0.0,0.0
"Congo, Dem. Rep.",2000,2,20.0,0.0,0.0,0.0,0.0
"Congo, Dem. Rep.",2020,1,600.0,1.0,600.0,1.0,1.0
"Congo, Dem. Rep.",2021,2,135.0,2.0,135.0,1.0,1.0
"Congo, Dem. Rep.",2022,2,1221.0,0.0,0.0,0.0,0.0
"Congo, Dem. Rep.",2023,3,289.0,1.0,50.0,0.3333333333333333,0.17301038062283736
"Congo, Rep.",2002,1,0.0,1.0,0.0,1.0,
"Congo, Rep.",2008,2,735.0,0.0,0.0,0.0,0.0
"Congo, Rep.",2010,1,56.0,0.0,0.0,0.0,0.0
"Congo, Rep.",2013,1,0.0,1.0,0.0,1.0,
Costa Rica,2000,2,161.0,1.0,0.0,0.5,0.0
Costa Rica,2003,1,80.0,1.0,80.0,1.0,1.0
Costa Rica,2004,1,80.0,1.0,80.0,1.0,1.0
Costa Rica,2005,1,304.2,0.0,0.0,0.0,0.0
Costa Rica,2006,2,43.0,0.0,0.0,0.0,0.0
Costa Rica,2007,1,330.0,0.0,0.0,0.0,0.0
Costa Rica,2009,2,144.0,1.0,110.0,0.5,0.7638888888888888
Costa Rica,2012,1,273.0,1.0,273.0,1.0,1.0
Costa Rica,2013,3,415.6,3.0,415.6,1.0,1.0
Costa Rica,2014,2,165.0,2.0,165.0,1.0,1.0
Costa Rica,2015,3,852.0,2.0,189.0,0.6666666666666666,0.22183098591549297
Cuba,2000,1,600.0,1.0,600.0,1.0,1.0
Cuba,2002,1,0.0,0.0,0.0,0.0,
Cuba,2019,1,1880.0,0.0,0.0,0.0,0.0
Côte d'Ivoire,2000,1,140.0,0.0,0.0,0.0,0.0
Côte d'Ivoire,2004,3,36.4,0.0,0.0,0.0,0.0
Côte d'Ivoire,2008,1,0.0,1.0,0.0,1.0,
Côte d'Ivoire,2010,2,11.0,0.0,0.0,0.0,0.0
Côte d'Ivoire,2012,1,700.0,0.0,0.0,0.0,0.0
Côte d'Ivoire,2017,1,471.3,0.0,0.0,0.0,0.0
Côte d'Ivoire,2020,3,1002.55,1.0,192.31,0.3333333333333333,0.19182085681512145
Côte d'Ivoire,2021,2,700.79,1.0,232.48,0.5,0.3317398935487093
Côte d'Ivoire,2022,2,359.29999999999995,1.0,183.7,0.5,0.5112719176175898
Côte d'Ivoire,2023,1,60.0,1.0,60.0,1.0,1.0
Côte d'Ivoire,2024,1,60.68,1.0,60.68,1.0,1.0
Djibouti,2000,1,50.0,0.0,0.0,0.0,0.0
Djibouti,2002,1,0.0,0.0,0.0,0.0,
Djibouti,2004,1,130.0,0.0,0.0,0.0,0.0
Djibouti,2007,1,396.0,0.0,0.0,0.0,0.0
Djibouti,2016,1,28.0,0.0,0.0,0.0,0.0
Djibouti,2020,1,123.5,1.0,123.5,1.0,1.0
Djibouti,2023,2,207.0,1.0,0.0,0.5,0.0
Dominican Republic,2000,6,856.9,0.0,0.0,0.0,0.0
Dominican Republic,2001,1,200.0,0.0,0.0,0.0,0.0
Dominican Republic,2002,1,400.0,0.0,0.0,0.0,0.0
Dominican Republic,2003,3,364.0,0.0,0.0,0.0,0.0
Dominican Republic,2006,1,250.0,0.0,0.0,0.0,0.0
Dominican Republic,2009,2,629.9,0.0,0.0,0.0,0.0
Dominican Republic,2010,1,30.0,0.0,0.0,0.0,0.0
Dominican Republic,2011,5,465.7,4.0,402.7,0.8,0.8647197766802662
Dominican Republic,2012,2,90.0,1.0,50.0,0.5,0.5555555555555556
Dominican Republic,2013,2,73.4,0.0,0.0,0.0,0.0
Dominican Republic,2015,1,204.5,1.0,204.5,1.0,1.0
Dominican Republic,2017,1,125.0,1.0,125.0,1.0,1.0
Dominican Republic,2018,2,166.05,2.0,166.05,1.0,1.0
Dominican Republic,2019,1,78.0,1.0,78.0,1.0,1.0
Dominican Republic,2021,2,45.0,2.0,45.0,1.0,1.0
Dominican Republic,2022,3,310.0,3.0,310.0,1.0,1.0
Dominican Republic,2023,11,858.02,11.0,858.02,1.0,1.0
Dominican Republic,2024,4,2526.1,2.0,123.6,0.5,0.0489291793674043
Ecuador,2000,1,0.0,1.0,0.0,1.0,
Ecuador,2001,1,500.0,1.0,500.0,1.0,1.0
Ecuador,2002,1,0.0,0.0,0.0,0.0,
Ecuador,2003,1,302.0,1.0,302.0,1.0,1.0
Ecuador,2004,4,120.0,2.0,10.0,0.5,0.08333333333333333
Ecuador,2005,3,634.0,2.0,49.0,0.6666666666666666,0.07728706624605679
Ecuador,2006,5,695.0,1.0,26.0,0.2,0.03741007194244604
Ecuador,2007,1,200.0,0.0,0.0,0.0,0.0
Ecuador,2013,2,136.7,2.0,136.7,1.0,1.0
Ecuador,2016,2,776.4,1.0,111.4,0.5,0.14348274085522927
Ecuador,2017,1,111.4,1.0,111.4,1.0,1.0
Ecuador,2018,2,403.49,1.0,26.49,0.5,0.06565218468859203
Ecuador,2019,1,100.0,0.0,0.0,0.0,0.0
Ecuador,2020,1,500.0,0.0,0.0,0.0,0.0
Ecuador,2021,1,280.0,0.0,0.0,0.0,0.0
Ecuador,2023,3,401.0,1.0,181.0,0.3333333333333333,0.4513715710723192
"Egypt, Arab Rep.",2000,5,1195.3,0.0,0.0,0.0,0.0
"Egypt, Arab Rep.",2001,4,948.0,0.0,0.0,0.0,0.0
"Egypt, Arab Rep.",2005,4,978.2,0.0,0.0,0.0,0.0
"Egypt, Arab Rep.",2007,1,469.0,0.0,0.0,0.0,0.0
"Egypt, Arab Rep.",2008,1,640.0,0.0,0.0,0.0,0.0
"Egypt, Arab Rep.",2010,1,475.0,1.0,475.0,1.0,1.0
"Egypt, Arab Rep.",2012,1,276.0,1.0,276.0,1.0,1.0
"Egypt, Arab Rep.",2015,1,0.0,1.0,0.0,1.0,
"Egypt, Arab Rep.",2016,3,109.69,3.0,109.69,1.0,1.0
"Egypt, Arab Rep.",2017,25,2898.0299999999997,24.0,2400.0299999999997,0.96,0.8281591287874867
"Egypt, Arab Rep.",2019,2,485.0,1.0,335.0,0.5,0.6907216494845361
"Egypt, Arab Rep.",2020,1,5018.85,0.0,0.0,0.0,0.0
"Egypt, Arab Rep.",2021,1,48.5,1.0,48.5,1.0,1.0
"Egypt, Arab Rep.",2022,3,1039.0,2.0,1039.0,0.6666666666666666,1.0
"Egypt, Arab Rep.",2023,5,2513.22,2.0,789.4,0.4,0.31409904425398494
"Egypt, Arab Rep.",2024,3,176.65,2.0,173.3,0.6666666666666666,0.9810359467874328
El Salvador,2002,2,127.4,2.0,127.4,1.0,1.0
El Salvador,2015,5,156.73999999999998,5.0,156.73999999999998,1.0,1.0
El Salvador,2017,1,160.0,1.0,160.0,1.0,1.0
El Salvador,2018,1,143.0,1.0,143.0,1.0,1.0
El Salvador,2019,1,877.0,0.0,0.0,0.0,0.0
El Salvador,2020,1,7.8,1.0,7.8,1.0,1.0
El Salvador,2022,1,25.3,1.0,25.3,1.0,1.0
Equatorial Guinea,2024,1,285.3,0.0,0.0,0.0,0.0
Eswatini,2021,1,115.0,1.0,115.0,1.0,1.0
Ethiopia,2009,2,4.0,0.0,0.0,0.0,0.0
Ethiopia,2010,1,0.0,0.0,0.0,0.0,
Ethiopia,2014,1,120.0,1.0,120.0,1.0,1.0
Ethiopia,2021,1,271.0,1.0,271.0,1.0,1.0
Ethiopia,2023,1,257.4,0.0,0.0,0.0,0.0
Fiji,2003,1,0.0,0.0,0.0,0.0,
Fiji,2013,1,17.8,0.0,0.0,0.0,0.0
Fiji,2017,1,57.41,0.0,0.0,0.0,0.0
Gabon,2003,3,89.5,0.0,0.0,0.0,0.0
Gabon,2004,2,0.0,0.0,0.0,0.0,
Gabon,2005,1,91.77,0.0,0.0,0.0,0.0
Gabon,2007,2,93.4,0.0,0.0,0.0,0.0
Gabon,2011,1,234.0,1.0,234.0,1.0,1.0
Gabon,2012,2,834.0,1.0,134.0,0.5,0.1606714628297362
Gabon,2016,1,349.7,0.0,0.0,0.0,0.0
Gabon,2019,2,507.0,1.0,167.0,0.5,0.32938856015779094
Gabon,2020,1,222.03,0.0,0.0,0.0,0.0
Gabon,2021,1,210.96,1.0,210.96,1.0,1.0
Gabon,2022,2,335.56,2.0,335.56,1.0,1.0
Gabon,2023,1,30.0,1.0,30.0,1.0,1.0
"Gambia, The",2001,1,6.6,0.0,0.0,0.0,0.0
"Gambia, The",2006,1,0.0,0.0,0.0,0.0,
"Gambia, The",2007,1,35.0,0.0,0.0,0.0,0.0
"Gambia, The",2012,1,700.0,0.0,0.0,0.0,0.0
Georgia,2000,8,11.5,3.0,0.0,0.375,0.0
Georgia,2004,1,27.0,1.0,27.0,1.0,1.0
Georgia,2006,4,357.0,0.0,0.0,0.0,0.0
Georgia,2007,8,813.4,6.0,753.9,0.75,0.9268502581755593
Georgia,2008,3,395.0,0.0,0.0,0.0,0.0
Georgia,2009,1,32.0,1.0,32.0,1.0,1.0
Georgia,2011,3,417.0,3.0,417.0,1.0,1.0
Georgia,2015,1,417.0,1.0,417.0,1.0,1.0
Georgia,2017,2,90.0,2.0,90.0,1.0,1.0
Georgia,2019,2,107.4,1.0,14.4,0.5,0.1340782122905028
Georgia,2024,4,260.64000000000004,3.0,235.22,0.75,0.9024708410067525
Ghana,2000,2,10.0,0.0,0.0,0.0,0.0
Ghana,2003,2,0.0,0.0,0.0,0.0,
Ghana,2005,2,590.0,1.0,0.0,0.5,0.0
Ghana,2007,4,780.0,0.0,0.0,0.0,0.0
Ghana,2008,1,900.0,0.0,0.0,0.0,0.0
Ghana,2009,1,140.0,0.0,0.0,0.0,0.0
Ghana,2012,2,826.0,1.0,126.0,0.5,0.15254237288135594
Ghana,2013,1,440.0,0.0,0.0,0.0,0.0
Ghana,2014,3,950.0,1.0,43.0,0.3333333333333333,0.045263157894736845
Ghana,2016,4,3205.0,0.0,0.0,0.0,0.0
Ghana,2017,2,550.0,0.0,0.0,0.0,0.0
Ghana,2018,1,42.0,0.0,0.0,0.0,0.0
Ghana,2021,1,0.0,1.0,0.0,1.0,
Ghana,2023,1,137.0,0.0,0.0,0.0,0.0
Guatemala,2000,2,50.0,0.0,0.0,0.0,0.0
Guatemala,2002,1,60.0,1.0,60.0,1.0,1.0
Guatemala,2005,1,41.6,1.0,41.6,1.0,1.0
Guatemala,2006,1,37.0,1.0,37.0,1.0,1.0
Guatemala,2007,1,226.8,1.0,226.8,1.0,1.0
Guatemala,2008,1,6.7,1.0,6.7,1.0,1.0
Guatemala,2010,1,758.0,0.0,0.0,0.0,0.0
Guatemala,2012,2,180.0,2.0,180.0,1.0,1.0
Guatemala,2014,7,530.2,5.0,410.2,0.7142857142857143,0.7736703130894002
Guatemala,2015,2,94.0,2.0,94.0,1.0,1.0
Guatemala,2019,1,56.4,1.0,56.4,1.0,1.0
Guatemala,2023,1,70.0,0.0,0.0,0.0,0.0
Guatemala,2024,1,64.0,1.0,64.0,1.0,1.0
Guinea,2009,1,159.0,0.0,0.0,0.0,0.0
Guinea,2012,1,700.0,0.0,0.0,0.0,0.0
Guinea,2018,1,121.0,0.0,0.0,0.0,0.0
Guinea,2020,2,209.5,1.0,76.5,0.5,0.36515513126491644
Guinea,2023,1,227.45,0.0,0.0,0.0,0.0
Guinea,2024,1,0.0,1.0,0.0,1.0,
Guinea-Bissau,2023,1,29.08,0.0,0.0,0.0,0.0
"Guyana, CR",2002,1,0.0,1.0,0.0,1.0,
"Guyana, CR",2024,1,14.0,0.0,0.0,0.0,0.0
Haiti,2003,1,5.52,0.0,0.0,0.0,0.0
Haiti,2009,1,1.0,1.0,1.0,1.0,1.0
Haiti,2011,1,0.0,0.0,0.0,0.0,
Haiti,2014,1,57.21,0.0,0.0,0.0,0.0
Honduras,2000,1,120.0,0.0,0.0,0.0,0.0
Honduras,2001,1,207.9,1.0,207.9,1.0,1.0
Honduras,2003,2,168.8,1.0,3.8,0.5,0.022511848341232224
Honduras,2010,2,318.8,2.0,318.8,1.0,1.0
Honduras,2011,2,144.5,2.0,144.5,1.0,1.0
Honduras,2013,5,1397.3,2.0,248.0,0.4,0.17748514993201175
Honduras,2014,7,576.8,5.0,554.3,0.7142857142857143,0.9609916782246879
Honduras,2015,4,517.9,3.0,430.0,0.75,0.8302761150801313
Honduras,2016,4,364.3,4.0,364.3,1.0,1.0
Honduras,2017,3,259.6,3.0,259.6,1.0,1.0
Honduras,2020,1,209.0,0.0,0.0,0.0,0.0
Honduras,2023,1,370.0,1.0,370.0,1.0,1.0
India,2000,11,2003.1799999999998,2.0,77.88,0.18181818181818182,0.038878183687936184
India,2001,18,2619.79,4.0,584.8,0.2222222222222222,0.22322399887013844
India,2002,13,588.6,3.0,15.0,0.23076923076923078,0.0254841997961264
India,2003,31,1400.51,6.0,444.74,0.1935483870967742,0.3175557475491071
India,2004,21,3663.92,7.0,465.93,0.3333333333333333,0.12716707788379658
India,2005,24,2508.7,6.0,90.78999999999999,0.25,0.03619005859608562
India,2006,77,19921.17,11.0,2541.22,0.14285714285714285,0.12756379268888324
India,2007,62,17172.420000000002,16.0,3974.6000000000004,0.25806451612903225,0.23145252678422726
India,2008,47,17581.94,13.0,1427.32,0.2765957446808511,0.08118103007972954
India,2009,49,28383.82,4.0,1002.78,0.08163265306122448,0.03532928266878806
India,2010,107,44824.97,15.0,1257.75,0.14018691588785046,0.028059137574436746
India,2011,125,35616.56,43.0,2694.45,0.344,0.07565160700528069
India,2012,124,28953.63,43.0,3627.7,0.3467741935483871,0.1252934433437189
India,2013,53,6080.19,29.0,1603.28,0.5471698113207547,0.2636891281357984
India,2014,41,3879.2,23.0,981.86,0.5609756097560976,0.25310888843060425
India,2015,40,4176.05,30.0,2043.74,0.75,0.48939548137594135
India,2016,31,3835.08,12.0,1159.57,0.3870967741935484,0.3023587513167913
India,2017,47,4753.71,21.0,1221.01,0.44680851063829785,0.25685412025554777
India,2018,57,8299.01,17.0,2067.88,0.2982456140350877,0.24917188917714284
India,2019,32,7368.28,8.0,898.44,0.25,0.12193347701227425
India,2020,19,5079.16,9.0,1544.45,0.47368421052631576,0.3040758708132841
India,2021,24,7610.34,11.0,1876.74,0.4583333333333333,0.24660396250364636
India,2022,23,10692.900000000001,4.0,1421.26,0.17391304347826086,0.13291623413667011
India,2023,20,6049.75,9.0,4335.73,0.45,0.7166792016199016
India,2024,20,3601.89,18.0,2458.89,0.9,0.6826666000349816
Indonesia,2001,1,36.7,1.0,36.7,1.0,1.0
Indonesia,2002,3,192.79999999999998,2.0,5.2,0.6666666666666666,0.026970954356846478
Indonesia,2003,7,1061.5,0.0,0.0,0.0,0.0
Indonesia,2004,5,197.3,2.0,8.1,0.4,0.04105423213380638
Indonesia,2005,1,32.0,0.0,0.0,0.0,0.0
Indonesia,2006,8,817.7,2.0,284.6,0.25,0.3480494068729363
Indonesia,2007,4,518.6,1.0,0.0,0.25,0.0
Indonesia,2008,4,235.2,1.0,134.0,0.25,0.5697278911564626
Indonesia,2009,1,60.0,0.0,0.0,0.0,0.0
Indonesia,2010,2,2300.0,0.0,0.0,0.0,0.0
Indonesia,2011,2,161.0,1.0,35.0,0.5,0.21739130434782608
Indonesia,2012,13,4578.0,11.0,1916.0,0.8461538461538461,0.418523372651813
Indonesia,2013,5,2076.7,3.0,176.7,0.6,0.08508691674290943
Indonesia,2014,2,1690.5,2.0,1690.5,1.0,1.0
Indonesia,2015,2,210.0,2.0,210.0,1.0,1.0
Indonesia,2016,8,8734.8,1.0,210.8,0.125,0.024133351650867798
Indonesia,2017,12,15381.99,6.0,1319.7,0.5,0.08579514094080155
Indonesia,2018,11,6643.15,5.0,1714.72,0.45454545454545453,0.2581185130548008
Indonesia,2019,2,372.38,1.0,82.38,0.5,0.22122562973306836
Indonesia,2021,5,6887.289999999999,1.0,150.0,0.2,0.021779248441694776
Indonesia,2022,2,210.04,1.0,116.74,0.5,0.555798895448486
Indonesia,2023,6,1230.98,5.0,1220.98,0.8333333333333334,0.9918763911680125
Indonesia,2024,3,346.0,2.0,146.0,0.6666666666666666,0.42196531791907516
"Iran, Islamic Rep.",2004,2,650.0,0.0,0.0,0.0,0.0
"Iran, Islamic Rep.",2005,2,350.0,0.0,0.0,0.0,0.0
"Iran, Islamic Rep.",2008,1,370.0,0.0,0.0,0.0,0.0
"Iran, Islamic Rep.",2016,1,235.0,0.0,0.0,0.0,0.0
"Iran, Islamic Rep.",2017,4,94.5,4.0,94.5,1.0,1.0
Iraq,2003,1,100.0,0.0,0.0,0.0,0.0
Iraq,2007,1,240.0,0.0,0.0,0.0,0.0
Iraq,2008,3,1000.0,0.0,0.0,0.0,0.0
Iraq,2009,1,480.0,0.0,0.0,0.0,0.0
Iraq,2010,1,500.0,0.0,0.0,0.0,0.0
Iraq,2013,1,100.0,0.0,0.0,0.0,0.0
Iraq,2014,1,130.0,0.0,0.0,0.0,0.0
Iraq,2015,1,30.0,0.0,0.0,0.0,0.0
Iraq,2016,1,500.0,0.0,0.0,0.0,0.0
Iraq,2017,1,120.0,0.0,0.0,0.0,0.0
Iraq,2021,1,233.0,0.0,0.0,0.0,0.0
Jamaica,2002,2,727.0,0.0,0.0,0.0,0.0
Jamaica,2003,1,175.0,0.0,0.0,0.0,0.0
Jamaica,2010,1,132.0,0.0,0.0,0.0,0.0
Jamaica,2013,1,600.0,0.0,0.0,0.0,0.0
Jamaica,2015,3,209.8,3.0,209.8,1.0,1.0
Jamaica,2016,1,452.0,0.0,0.0,0.0,0.0
Jamaica,2017,2,390.0,1.0,60.0,0.5,0.15384615384615385
Jamaica,2018,1,64.0,1.0,64.0,1.0,1.0
Jamaica,2019,1,110.0,0.0,0.0,0.0,0.0
Jamaica,2022,1,24.3,1.0,24.3,1.0,1.0
Jamaica,2024,1,77.0,1.0,77.0,1.0,1.0
Jordan,2000,1,558.0,0.0,0.0,0.0,0.0
Jordan,2003,1,169.0,1.0,169.0,1.0,1.0
Jordan,2004,1,0.0,0.0,0.0,0.0,
Jordan,2006,1,705.0,0.0,0.0,0.0,0.0
Jordan,2007,3,1095.0,0.0,0.0,0.0,0.0
Jordan,2009,2,1416.0,1.0,951.0,0.5,0.6716101694915254
Jordan,2011,1,0.0,1.0,0.0,1.0,
Jordan,2012,2,573.0,1.0,223.0,0.5,0.38917975567190227
Jordan,2013,2,1102.0,1.0,290.0,0.5,0.2631578947368421
Jordan,2014,5,285.0,4.0,191.0,0.8,0.6701754385964912
Jordan,2015,8,428.0,8.0,428.0,1.0,1.0
Jordan,2016,4,952.1,3.0,477.1,0.75,0.5011028253334734
Jordan,2017,5,644.7,5.0,644.7,1.0,1.0
Jordan,2018,3,165.0,3.0,165.0,1.0,1.0
Jordan,2019,1,74.0,1.0,74.0,1.0,1.0
Jordan,2022,1,17.59,0.0,0.0,0.0,0.0
Jordan,2024,1,22.3,1.0,22.3,1.0,1.0
Kazakhstan,2000,2,300.0,0.0,0.0,0.0,0.0
Kazakhstan,2005,1,231.0,0.0,0.0,0.0,0.0
Kazakhstan,2007,2,31.0,0.0,0.0,0.0,0.0
Kazakhstan,2017,2,89.18,1.0,14.18,0.5,0.15900426104507737
Kazakhstan,2018,1,52.4,1.0,52.4,1.0,1.0
Kazakhstan,2019,7,553.5999999999999,7.0,553.5999999999999,1.0,1.0
Kazakhstan,2020,4,850.48,3.0,265.48,0.75,0.3121531370520177
Kazakhstan,2021,2,327.9,1.0,27.9,0.5,0.08508691674290943
Kazakhstan,2023,4,218.68,2.0,194.53,0.5,0.8895646606914213
Kazakhstan,2024,2,610.0,0.0,0.0,0.0,0.0
Kenya,2006,2,427.7,0.0,0.0,0.0,0.0
Kenya,2007,1,390.0,0.0,0.0,0.0,0.0
Kenya,2008,2,205.0,1.0,50.0,0.5,0.24390243902439024
Kenya,2009,1,22.0,0.0,0.0,0.0,0.0
Kenya,2011,1,4.7,0.0,0.0,0.0,0.0
Kenya,2012,1,140.0,0.0,0.0,0.0,0.0
Kenya,2013,4,533.97,3.0,377.97,0.75,0.7078487555480645
Kenya,2014,2,800.94,2.0,800.94,1.0,1.0
Kenya,2016,1,28.0,0.0,0.0,0.0,0.0
Kenya,2017,1,96.89,0.0,0.0,0.0,0.0
Kenya,2018,3,513.92,1.0,300.0,0.3333333333333333,0.5837484433374844
Kenya,2019,3,220.2,3.0,220.2,1.0,1.0
Kenya,2020,3,723.13,2.0,147.16,0.6666666666666666,0.20350421086111764
Kenya,2022,4,286.40000000000003,3.0,155.6,0.75,0.5432960893854748
Kenya,2023,1,207.0,0.0,0.0,0.0,0.0
Kenya,2024,2,77.0,2.0,77.0,1.0,1.0
"Korea, Dem. Rep.",2008,1,400.0,0.0,0.0,0.0,0.0
Kosovo,2002,1,0.0,1.0,0.0,1.0,
Kosovo,2011,2,190.0,0.0,0.0,0.0,0.0
Kosovo,2012,1,62.1,1.0,62.1,1.0,1.0
Kosovo,2019,2,211.73,2.0,211.73,1.0,1.0
Kyrgyz Republic,2000,1,0.0,0.0,0.0,0.0,
Kyrgyz Republic,2003,1,0.0,1.0,0.0,1.0,
Kyrgyz Republic,2014,1,40.0,0.0,0.0,0.0,0.0
Kyrgyz Republic,2023,1,117.99,1.0,117.99,1.0,1.0
Kyrgyz Republic,2024,2,217.8,2.0,217.8,1.0,1.0
Lao PDR,2000,2,3.0,0.0,0.0,0.0,0.0
Lao PDR,2002,1,9.1,0.0,0.0,0.0,0.0
Lao PDR,2005,1,1250.0,1.0,1250.0,1.0,1.0
Lao PDR,2006,2,1070.0,2.0,1070.0,1.0,1.0
Lao PDR,2008,2,204.5,2.0,204.5,1.0,1.0
Lao PDR,2010,2,3860.0,1.0,150.0,0.5,0.038860103626943004
Lao PDR,2011,2,455.6,2.0,455.6,1.0,1.0
Lao PDR,2012,12,5888.42,12.0,5888.42,1.0,1.0
Lao PDR,2014,2,2025.5,2.0,2025.5,1.0,1.0
Lao PDR,2017,3,1850.0,3.0,1850.0,1.0,1.0
Lao PDR,2019,2,6049.0,1.0,49.0,0.5,0.008100512481401884
Lao PDR,2022,1,91.5,0.0,0.0,0.0,0.0
Lao PDR,2023,1,959.0,1.0,959.0,1.0,1.0
Lebanon,2000,1,150.0,0.0,0.0,0.0,0.0
Lebanon,2002,1,0.0,1.0,0.0,1.0,
Lebanon,2004,3,3.0,0.0,0.0,0.0,0.0
Lebanon,2009,1,0.0,0.0,0.0,0.0,
Lebanon,2016,1,180.0,0.0,0.0,0.0,0.0
Lesotho,2001,1,27.0,0.0,0.0,0.0,0.0
Lesotho,2002,1,0.0,1.0,0.0,1.0,
Lesotho,2022,1,9.96,1.0,9.96,1.0,1.0
Lesotho,2024,1,2.3,1.0,2.3,1.0,1.0
Liberia,2009,1,170.0,1.0,170.0,1.0,1.0
Liberia,2010,3,145.0,0.0,0.0,0.0,0.0
Liberia,2012,1,700.0,0.0,0.0,0.0,0.0
Libya,2023,1,358.82,0.0,0.0,0.0,0.0
Madagascar,2003,1,36.0,0.0,0.0,0.0,0.0
Madagascar,2004,1,12.6,0.0,0.0,0.0,0.0
Madagascar,2005,3,42.5,1.0,0.0,0.3333333333333333,0.0
Madagascar,2007,1,17.8,1.0,17.8,1.0,1.0
Madagascar,2017,1,245.1,0.0,0.0,0.0,0.0
Madagascar,2020,1,19.0,1.0,19.0,1.0,1.0
Madagascar,2021,1,0.0,0.0,0.0,0.0,
Madagascar,2022,1,29.72,1.0,29.72,1.0,1.0
Madagascar,2023,2,48.0,2.0,48.0,1.0,1.0
Malawi,2002,1,25.0,0.0,0.0,0.0,0.0
Malawi,2006,1,30.5,0.0,0.0,0.0,0.0
Malawi,2019,1,67.0,1.0,67.0,1.0,1.0
Malawi,2022,1,27.6,1.0,27.6,1.0,1.0
Malaysia,2000,7,5044.5,4.0,3964.8,0.5714285714285714,0.7859649122807018
Malaysia,2001,10,2264.6,4.0,35.4,0.4,0.015631899673231475
Malaysia,2002,2,28.7,2.0,28.7,1.0,1.0
Malaysia,2003,8,5741.9,1.0,0.0,0.125,0.0
Malaysia,2004,2,2863.11,1.0,2521.0,0.5,0.880511052666506
Malaysia,2005,5,2567.95,0.0,0.0,0.0,0.0
Malaysia,2006,5,915.5,1.0,48.0,0.2,0.05243036592026215
Malaysia,2007,2,272.0,1.0,0.0,0.5,0.0
Malaysia,2008,2,425.0,1.0,0.0,0.5,0.0
Malaysia,2011,1,24.0,1.0,24.0,1.0,1.0
Malaysia,2012,4,176.7,4.0,176.7,1.0,1.0
Malaysia,2013,4,1292.76,2.0,50.76,0.5,0.03926482873851295
Malaysia,2014,2,125.23,2.0,125.23,1.0,1.0
Malaysia,2015,3,2696.5,2.0,21.5,0.6666666666666666,0.007973298720563694
Malaysia,2016,3,22.0,3.0,22.0,1.0,1.0
Malaysia,2017,5,1913.3,4.0,370.3,0.8,0.1935399571421105
Malaysia,2018,3,387.35,3.0,387.35,1.0,1.0
Malaysia,2019,2,95.03,2.0,95.03,1.0,1.0
Malaysia,2021,2,1331.5,1.0,494.5,0.5,0.37138565527600453
Malaysia,2022,1,47.66,1.0,47.66,1.0,1.0
Malaysia,2023,3,130.79,3.0,130.79,1.0,1.0
Malaysia,2024,2,19.32,1.0,19.32,0.5,1.0
Maldives,2005,1,40.0,0.0,0.0,0.0,0.0
Maldives,2010,1,478.0,0.0,0.0,0.0,0.0
Maldives,2022,2,30.0,1.0,0.0,0.5,0.0
Mali,2003,1,55.4,0.0,0.0,0.0,0.0
Mali,2009,1,383.0,0.0,0.0,0.0,0.0
Mali,2017,1,136.44,0.0,0.0,0.0,0.0
Mali,2018,1,104.5,1.0,104.5,1.0,1.0
Mali,2020,1,128.0,1.0,128.0,1.0,1.0
Mali,2021,1,56.0,1.0,56.0,1.0,1.0
Mali,2022,1,0.0,1.0,0.0,1.0,
Mauritania,2001,1,48.0,0.0,0.0,0.0,0.0
Mauritania,2012,1,700.0,0.0,0.0,0.0,0.0
Mauritania,2019,1,310.0,0.0,0.0,0.0,0.0
Mauritius,2001,1,338.2,0.0,0.0,0.0,0.0
Mauritius,2003,2,1.7,0.0,0.0,0.0,0.0
Mauritius,2004,1,0.0,1.0,0.0,1.0,
Mauritius,2008,1,0.0,1.0,0.0,1.0,
Mauritius,2009,1,383.0,0.0,0.0,0.0,0.0
Mauritius,2014,1,69.5,1.0,69.5,1.0,1.0
Mauritius,2023,2,23.17,2.0,23.17,1.0,1.0
Mexico,2000,13,3092.3,0.0,0.0,0.0,0.0
Mexico,2001,4,367.0,3.0,117.0,0.75,0.3188010899182561
Mexico,2002,5,2124.0,0.0,0.0,0.0,0.0
Mexico,2003,5,1447.7,0.0,0.0,0.0,0.0
Mexico,2004,11,1810.2,4.0,421.7,0.36363636363636365,0.23295768423378632
Mexico,2005,5,989.3,1.0,30.0,0.2,0.030324471848781967
Mexico,2006,10,1858.53,2.0,53.1,0.2,0.028570967377443465
Mexico,2007,15,6501.7,3.0,306.5,0.2,0.04714151683405879
Mexico,2008,5,1343.98,1.0,38.9,0.2,0.028943883093498414
Mexico,2009,9,1627.04,4.0,288.5,0.4444444444444444,0.17731586193332677
Mexico,2010,7,2692.1,3.0,1232.7,0.42857142857142855,0.45789532335351585
Mexico,2011,13,4204.0,8.0,1054.9,0.6153846153846154,0.25092768791627024
Mexico,2012,11,4347.34,6.0,2171.8,0.5454545454545454,0.4995698519094435
Mexico,2013,24,5770.55949,15.0,2125.15949,0.625,0.3682761599950164
Mexico,2014,17,5600.52664,10.0,2447.77664,0.5882352941176471,0.4370618688816736
Mexico,2015,13,5120.58868,7.0,1788.5886799999998,0.5384615384615384,0.3492935659889792
Mexico,2016,13,4009.3,2.0,295.0,0.15384615384615385,0.07357892899009802
Mexico,2017,20,8567.3,12.0,3729.4,0.6,0.43530633922005774
Mexico,2018,25,4740.0162,20.0,4150.6562,0.8,0.8756628722070613
Mexico,2019,19,2977.21,18.0,2717.21,0.9473684210526315,0.9126699157936458
Mexico,2020,7,4363.9,4.0,226.2,0.5714285714285714,0.051834368340246115
Mexico,2021,6,1103.8600000000001,2.0,448.46,0.3333333333333333,0.4062652872646893
Mexico,2022,1,228.0,0.0,0.0,0.0,0.0
Mexico,2023,3,164.65,1.0,14.65,0.3333333333333333,0.08897661706650471
Mexico,2024,4,667.0,2.0,551.0,0.5,0.8260869565217391
Mongolia,2012,1,120.0,1.0,120.0,1.0,1.0
Mongolia,2016,1,128.0,1.0,128.0,1.0,1.0
Mongolia,2017,1,120.0,1.0,120.0,1.0,1.0
Mongolia,2018,1,54.0,1.0,54.0,1.0,1.0
Mongolia,2019,1,18.7,1.0,18.7,1.0,1.0
Montenegro,2001,1,0.0,1.0,0.0,1.0,
Montenegro,2005,1,147.0,0.0,0.0,0.0,0.0
Montenegro,2013,1,0.0,0.0,0.0,0.0,
Montenegro,2015,1,154.6,1.0,154.6,1.0,1.0
Montenegro,2018,1,99.75,1.0,99.75,1.0,1.0
Morocco,2000,1,2110.0,0.0,0.0,0.0,0.0
Morocco,2001,2,689.0,2.0,689.0,1.0,1.0
Morocco,2003,1,360.0,0.0,0.0,0.0,0.0
Morocco,2004,1,200.0,0.0,0.0,0.0,0.0
Morocco,2008,1,200.0,0.0,0.0,0.0,0.0
Morocco,2011,1,342.75,1.0,342.75,1.0,1.0
Morocco,2012,2,1880.0,1.0,467.0,0.5,0.24840425531914895
Morocco,2013,1,1438.0,1.0,1438.0,1.0,1.0
Morocco,2014,2,2745.58,1.0,124.0,0.5,0.045163499151363286
Morocco,2015,3,2014.0,3.0,2014.0,1.0,1.0
Morocco,2016,2,141.0,2.0,141.0,1.0,1.0
Morocco,2017,1,220.0,1.0,220.0,1.0,1.0
Morocco,2018,2,501.39,2.0,501.39,1.0,1.0
Morocco,2019,4,131.23,3.0,129.8,0.75,0.9891031014249793
Morocco,2020,2,1038.77,2.0,1038.77,1.0,1.0
Morocco,2021,1,212.5,0.0,0.0,0.0,0.0
Morocco,2022,2,167.92000000000002,2.0,167.92000000000002,1.0,1.0
Morocco,2023,1,358.82,0.0,0.0,0.0,0.0
Morocco,2024,1,188.0,1.0,188.0,1.0,1.0
Mozambique,2002,1,77.7,0.0,0.0,0.0,0.0
Mozambique,2003,3,1350.0,0.0,0.0,0.0,0.0
Mozambique,2004,4,192.7,0.0,0.0,0.0,0.0
Mozambique,2013,1,98.67,0.0,0.0,0.0,0.0
Mozambique,2014,1,200.0,0.0,0.0,0.0,0.0
Mozambique,2017,2,357.0,1.0,84.0,0.5,0.23529411764705882
Mozambique,2019,1,56.0,1.0,56.0,1.0,1.0
Mozambique,2020,1,40.0,1.0,40.0,1.0,1.0
Mozambique,2021,1,652.3,1.0,652.3,1.0,1.0
Mozambique,2022,1,129.6,1.0,129.6,1.0,1.0
Mozambique,2023,3,268.0,1.0,30.0,0.3333333333333333,0.11194029850746269
Mozambique,2024,1,270.0,1.0,270.0,1.0,1.0
Myanmar,2006,2,556.1,2.0,556.1,1.0,1.0
Myanmar,2013,1,170.0,0.0,0.0,0.0,0.0
Myanmar,2016,1,16.2,1.0,16.2,1.0,1.0
Myanmar,2017,3,1933.6,0.0,0.0,0.0,0.0
Myanmar,2018,4,516.0,1.0,293.0,0.25,0.5678294573643411
Namibia,2001,1,0.0,1.0,0.0,1.0,
Namibia,2017,3,51.37,3.0,51.37,1.0,1.0
Namibia,2018,2,77.0,2.0,77.0,1.0,1.0
Namibia,2023,1,31.0,0.0,0.0,0.0,0.0
Namibia,2024,1,20.0,1.0,20.0,1.0,1.0
Nepal,2000,1,15.1,1.0,15.1,1.0,1.0
Nepal,2002,1,4.9,0.0,0.0,0.0,0.0
Nepal,2003,3,30.549999999999997,3.0,30.549999999999997,1.0,1.0
Nepal,2004,2,5.5,1.0,0.5,0.5,0.09090909090909091
Nepal,2005,4,17.5,4.0,17.5,1.0,1.0
Nepal,2008,1,4.6,1.0,4.6,1.0,1.0
Nepal,2010,5,43.6,5.0,43.6,1.0,1.0
Nepal,2011,3,107.3,3.0,107.3,1.0,1.0
Nepal,2012,6,966.2,6.0,966.2,1.0,1.0
Nepal,2014,4,158.89999999999998,4.0,158.89999999999998,1.0,1.0
Nepal,2015,1,350.0,0.0,0.0,0.0,0.0
Nepal,2016,1,26.07,1.0,26.07,1.0,1.0
Nepal,2017,3,151.1,3.0,151.1,1.0,1.0
Nepal,2018,1,21.4,1.0,21.4,1.0,1.0
Nepal,2019,1,647.2,1.0,647.2,1.0,1.0
Nepal,2022,2,858.74,2.0,858.74,1.0,1.0
Nicaragua,2000,1,104.0,0.0,0.0,0.0,0.0
Nicaragua,2001,1,33.0,0.0,0.0,0.0,0.0
Nicaragua,2002,2,60.44,0.0,0.0,0.0,0.0
Nicaragua,2007,1,95.0,1.0,95.0,1.0,1.0
Nicaragua,2010,2,425.0,2.0,425.0,1.0,1.0
Nicaragua,2011,2,143.0,2.0,143.0,1.0,1.0
Nicaragua,2012,3,130.0,3.0,130.0,1.0,1.0
Nicaragua,2014,1,76.0,1.0,76.0,1.0,1.0
Nicaragua,2015,1,320.0,0.0,0.0,0.0,0.0
Nicaragua,2023,1,12.5,1.0,12.5,1.0,1.0
Nicaragua,2024,1,12.5,1.0,12.5,1.0,1.0
Niger,2001,2,19.2,1.0,3.4,0.5,0.17708333333333334
Nigeria,2000,1,27.0,0.0,0.0,0.0,0.0
Nigeria,2001,2,295.0,0.0,0.0,0.0,0.0
Nigeria,2002,1,462.0,0.0,0.0,0.0,0.0
Nigeria,2003,3,155.0,0.0,0.0,0.0,0.0
Nigeria,2005,25,3318.44,0.0,0.0,0.0,0.0
Nigeria,2006,10,1121.19,0.0,0.0,0.0,0.0
Nigeria,2007,1,280.0,0.0,0.0,0.0,0.0
Nigeria,2008,1,382.0,0.0,0.0,0.0,0.0
Nigeria,2011,1,124.4,0.0,0.0,0.0,0.0
Nigeria,2013,2,3307.3,0.0,0.0,0.0,0.0
Nigeria,2015,3,908.6,2.0,28.6,0.6666666666666666,0.031476997578692496
Nigeria,2016,1,110.0,1.0,110.0,1.0,1.0
Nigeria,2017,1,70.0,1.0,70.0,1.0,1.0
Nigeria,2018,1,16.0,1.0,16.0,1.0,1.0
Nigeria,2019,1,1050.0,0.0,0.0,0.0,0.0
Nigeria,2020,1,2600.0,0.0,0.0,0.0,0.0
Nigeria,2021,2,108.0,1.0,40.0,0.5,0.37037037037037035
Nigeria,2022,1,100.23,0.0,0.0,0.0,0.0
Nigeria,2023,3,120.92,2.0,116.0,0.6666666666666666,0.959311941779689
Nigeria,2024,1,20.0,1.0,20.0,1.0,1.0
North Macedonia,2001,1,403.5,0.0,0.0,0.0,0.0
North Macedonia,2007,1,233.0,0.0,0.0,0.0,0.0
North Macedonia,2008,1,295.0,0.0,0.0,0.0,0.0
North Macedonia,2013,1,14.2,1.0,14.2,1.0,1.0
North Macedonia,2016,1,12.03,1.0,12.03,1.0,1.0
North Macedonia,2021,2,75.04,2.0,75.04,1.0,1.0
Pakistan,2002,4,103.5,0.0,0.0,0.0,0.0
Pakistan,2004,3,937.3,0.0,0.0,0.0,0.0
Pakistan,2006,3,242.1,0.0,0.0,0.0,0.0
Pakistan,2007,8,1891.6,1.0,233.0,0.125,0.12317614717699303
Pakistan,2008,6,782.5,2.0,43.5,0.3333333333333333,0.05559105431309904
Pakistan,2009,11,1335.5,0.0,0.0,0.0,0.0
Pakistan,2010,1,1200.0,0.0,0.0,0.0,0.0
Pakistan,2011,3,697.1,2.0,197.10000000000002,0.6666666666666666,0.2827427915650553
Pakistan,2012,11,1292.76,11.0,1292.76,1.0,1.0
Pakistan,2013,3,350.1,3.0,350.1,1.0,1.0
Pakistan,2015,5,883.3399999999999,5.0,883.3399999999999,1.0,1.0
Pakistan,2016,2,1238.4,1.0,130.4,0.5,0.10529715762273902
Pakistan,2017,6,6097.65,5.0,4157.65,0.8333333333333334,0.681844645068182
Pakistan,2018,2,1182.2,1.0,102.2,0.5,0.08644899340213162
Pakistan,2019,15,1558.6100000000001,13.0,798.61,0.8666666666666667,0.5123860362759125
Pakistan,2020,2,1951.75,1.0,39.75,0.5,0.020366337901882924
Pakistan,2021,2,250.0,2.0,250.0,1.0,1.0
Palau,2022,1,22.0,1.0,22.0,1.0,1.0
Papua New Guinea,2023,1,1.2,1.0,1.2,1.0,1.0
Paraguay,2019,1,738.0,0.0,0.0,0.0,0.0
Paraguay,2021,1,130.0,0.0,0.0,0.0,0.0
Paraguay,2022,1,7.18,0.0,0.0,0.0,0.0
Paraguay,2023,2,205.0,0.0,0.0,0.0,0.0
Peru,2000,1,9.8,0.0,0.0,0.0,0.0
Peru,2001,8,600.3,3.0,307.0,0.375,0.5114109611860737
Peru,2002,3,38.3,2.0,30.3,0.6666666666666666,0.7911227154046998
Peru,2003,8,1625.0,0.0,0.0,0.0,0.0
Peru,2004,1,205.0,1.0,205.0,1.0,1.0
Peru,2005,3,363.0,1.0,72.0,0.3333333333333333,0.19834710743801653
Peru,2006,9,1650.0,0.0,0.0,0.0,0.0
Peru,2007,7,1365.8,1.0,220.0,0.14285714285714285,0.16107775662615317
Peru,2008,1,439.0,0.0,0.0,0.0,0.0
Peru,2009,10,1056.93,4.0,69.1,0.4,0.06537802881931631
Peru,2010,4,573.8,3.0,446.8,0.75,0.7786685256186825
Peru,2011,8,1242.4,3.0,324.1,0.375,0.26086606567933035
Peru,2012,6,3114.0,4.0,1227.0,0.6666666666666666,0.3940269749518304
Peru,2013,12,3560.7,6.0,1687.6999999999998,0.5,0.47397983542561856
Peru,2014,12,2457.1,7.0,1432.5,0.5833333333333334,0.5830043547271173
Peru,2015,13,8277.75,7.0,444.7,0.5384615384615384,0.053722327927274924
Peru,2016,6,442.79999999999995,5.0,423.9,0.8333333333333334,0.9573170731707318
Peru,2017,7,1133.6,4.0,718.5,0.5714285714285714,0.6338214537755823
Peru,2018,6,647.6,5.0,432.6,0.8333333333333334,0.6680049413218035
Peru,2019,2,54.0,2.0,54.0,1.0,1.0
Peru,2020,2,329.0,0.0,0.0,0.0,0.0
Peru,2022,6,1614.4,5.0,814.4,0.8333333333333334,0.5044598612487611
Peru,2023,5,1642.0,2.0,447.0,0.4,0.27222898903775883
Peru,2024,2,286.0,2.0,286.0,1.0,1.0
Philippines,2000,4,1646.9,0.0,0.0,0.0,0.0
Philippines,2001,5,1438.5,2.0,530.0,0.4,0.3684393465415363
Philippines,2002,1,30.1,0.0,0.0,0.0,0.0
Philippines,2003,2,310.3,1.0,5.3,0.5,0.017080244924266838
Philippines,2004,10,128.11,9.0,117.11,0.9,0.9141362891265318
Philippines,2005,1,3.4,0.0,0.0,0.0,0.0
Philippines,2006,7,2834.6,6.0,2620.0,0.8571428571428571,0.9242926691596698
Philippines,2007,3,1291.0,1.0,530.0,0.3333333333333333,0.41053446940356314
Philippines,2008,7,1749.6899999999998,4.0,677.89,0.5714285714285714,0.38743434551263367
Philippines,2009,15,1817.09,6.0,739.03,0.4,0.40671072979324085
Philippines,2010,5,1822.25,1.0,28.25,0.2,0.015502812457127178
Philippines,2011,6,658.1,2.0,79.0,0.3333333333333333,0.12004254672542167
Philippines,2012,10,1027.73,9.0,978.03,0.9,0.9516409952030203
Philippines,2013,5,1250.96,2.0,239.29,0.4,0.19128509304853872
Philippines,2014,4,1343.15,3.0,506.05,0.75,0.3767635781558277
Philippines,2015,13,5921.29,7.0,1037.94,0.5384615384615384,0.17528950617179703
Philippines,2016,8,5439.1,2.0,806.8,0.25,0.14833336397565772
Philippines,2017,3,1753.55,0.0,0.0,0.0,0.0
Philippines,2018,4,48.58,4.0,48.58,1.0,1.0
Philippines,2019,7,1817.82,4.0,84.57,0.5714285714285714,0.04652275802884774
Philippines,2020,1,59.61,1.0,59.61,1.0,1.0
Philippines,2021,5,2289.52,4.0,429.52,0.8,0.1876026416017331
Philippines,2022,11,2792.3599999999997,8.0,400.65999999999997,0.7272727272727273,0.1434843644802246
Philippines,2023,16,6574.35,13.0,2085.2400000000002,0.8125,0.3171781240731023
Philippines,2024,9,4995.0,6.0,4144.24,0.6666666666666666,0.8296776776776776
Russian Federation,2000,3,295.90000000000003,0.0,0.0,0.0,0.0
Russian Federation,2001,2,1700.0,1.0,0.0,0.5,0.0
Russian Federation,2002,2,14.0,0.0,0.0,0.0,0.0
Russian Federation,2003,9,349.6,9.0,349.6,1.0,1.0
Russian Federation,2004,7,642.78,4.0,394.78,0.5714285714285714,0.6141759233330222
Russian Federation,2005,6,340.3,6.0,340.3,1.0,1.0
Russian Federation,2006,6,842.7,5.0,698.7,0.8333333333333334,0.829120683517266
Russian Federation,2007,11,6082.0,1.0,271.0,0.09090909090909091,0.04455771127918448
Russian Federation,2008,19,10597.0,0.0,0.0,0.0,0.0
Russian Federation,2009,1,150.0,0.0,0.0,0.0,0.0
Russian Federation,2010,6,14608.9,1.0,279.0,0.16666666666666666,0.019097947141810814
Russian Federation,2011,1,4271.0,0.0,0.0,0.0,0.0
Russian Federation,2012,5,4050.677,4.0,150.677,0.8,0.0371979794982419
Russian Federation,2014,3,474.84000000000003,3.0,474.84000000000003,1.0,1.0
Russian Federation,2015,7,3304.2,4.0,1482.0,0.5714285714285714,0.4485200653713456
Russian Federation,2016,5,462.96500000000003,4.0,383.565,0.8,0.8284967546142796
Russian Federation,2017,6,2238.0,4.0,201.0,0.6666666666666666,0.08981233243967829
Russian Federation,2018,9,4428.12,6.0,487.42,0.6666666666666666,0.11007380107133502
Russian Federation,2019,13,4055.95,5.0,652.3100000000001,0.38461538461538464,0.16082791947632494
Russian Federation,2020,9,1412.6599999999999,5.0,307.95,0.5555555555555556,0.21799300610196368
Russian Federation,2021,7,210.02,5.0,101.02,0.7142857142857143,0.4810018093514903
Rwanda,2003,2,0.0,2.0,0.0,1.0,
Rwanda,2005,3,97.58,0.0,0.0,0.0,0.0
Rwanda,2007,1,100.0,0.0,0.0,0.0,0.0
Rwanda,2010,1,16.0,0.0,0.0,0.0,0.0
Rwanda,2011,1,142.0,0.0,0.0,0.0,0.0
Rwanda,2012,1,12.0,1.0,12.0,1.0,1.0
Rwanda,2014,2,60.1,2.0,60.1,1.0,1.0
Rwanda,2015,1,1.13,1.0,1.13,1.0,1.0
Rwanda,2017,3,422.0,3.0,422.0,1.0,1.0
Rwanda,2023,3,247.0,2.0,40.0,0.6666666666666666,0.16194331983805668
Rwanda,2024,1,7.3,1.0,7.3,1.0,1.0
Samoa,2017,1,57.41,0.0,0.0,0.0,0.0
Senegal,2003,1,55.4,0.0,0.0,0.0,0.0
Senegal,2005,2,52.910000000000004,0.0,0.0,0.0,0.0
Senegal,2006,1,0.0,1.0,0.0,1.0,
Senegal,2008,1,134.0,0.0,0.0,0.0,0.0
Senegal,2009,1,264.0,0.0,0.0,0.0,0.0
Senegal,2010,1,22.0,1.0,22.0,1.0,1.0
Senegal,2012,2,1430.0,0.0,0.0,0.0,0.0
Senegal,2013,1,132.0,0.0,0.0,0.0,0.0
Senegal,2014,1,172.0,0.0,0.0,0.0,0.0
Senegal,2015,3,320.15,1.0,33.0,0.3333333333333333,0.10307668280493519
Senegal,2016,2,75.50999999999999,2.0,75.50999999999999,1.0,1.0
Senegal,2017,2,62.9,1.0,25.9,0.5,0.4117647058823529
Senegal,2018,1,493.6,1.0,493.6,1.0,1.0
Senegal,2019,2,53.9,2.0,53.9,1.0,1.0
Senegal,2023,5,1417.45,3.0,134.92000000000002,0.6,0.0951850153444566
Senegal,2024,3,804.6,1.0,110.7,0.3333333333333333,0.13758389261744966
Serbia ,2006,1,1937.39,0.0,0.0,0.0,0.0
Serbia ,2012,3,44.699999999999996,3.0,44.699999999999996,1.0,1.0
Serbia ,2014,2,562.6,2.0,562.6,1.0,1.0
Serbia ,2017,4,818.0,4.0,818.0,1.0,1.0
Serbia ,2018,1,1118.47,0.0,0.0,0.0,0.0
Serbia ,2019,1,42.56,0.0,0.0,0.0,0.0
Serbia ,2020,1,416.35,1.0,416.35,1.0,1.0
Serbia ,2022,1,18.46,1.0,18.46,1.0,1.0
Serbia ,2023,1,168.85,1.0,168.85,1.0,1.0
Serbia ,2024,3,416.78999999999996,3.0,416.78999999999996,1.0,1.0
Seychelles,2006,1,0.0,0.0,0.0,0.0,
Seychelles,2011,1,38.26,0.0,0.0,0.0,0.0
Sierra Leone,2007,1,1.18,0.0,0.0,0.0,0.0
Sierra Leone,2010,1,130.0,0.0,0.0,0.0,0.0
Sierra Leone,2011,1,30.0,1.0,30.0,1.0,1.0
Sierra Leone,2012,1,0.0,0.0,0.0,0.0,
Sierra Leone,2018,1,40.0,0.0,0.0,0.0,0.0
Sierra Leone,2023,1,1.2,1.0,1.2,1.0,1.0
Sierra Leone,2024,1,417.0,0.0,0.0,0.0,0.0
Solomon Islands,2012,2,0.0,2.0,0.0,1.0,
Solomon Islands,2019,1,233.37,1.0,233.37,1.0,1.0
Somalia,2001,2,0.0,0.0,0.0,0.0,
Somalia,2013,1,10.0,0.0,0.0,0.0,0.0
Somalia,2016,1,28.0,0.0,0.0,0.0,0.0
Somalia,2018,1,442.0,0.0,0.0,0.0,0.0
Somalia,2020,1,50.0,0.0,0.0,0.0,0.0
Somalia,2023,1,5.67,1.0,5.67,1.0,1.0
Somalia,2024,1,70.0,0.0,0.0,0.0,0.0
South Africa,2000,4,50.9,1.0,31.3,0.25,0.6149312377210217
South Africa,2001,4,512.4,1.0,0.0,0.25,0.0
South Africa,2003,2,1217.0,0.0,0.0,0.0,0.0
South Africa,2005,2,22.0,1.0,7.0,0.5,0.3181818181818182
South Africa,2006,3,3492.9,2.0,9.9,0.6666666666666666,0.0028343210512754447
South Africa,2010,1,6.0,0.0,0.0,0.0,0.0
South Africa,2011,1,97.0,0.0,0.0,0.0,0.0
South Africa,2012,29,5648.61,29.0,5648.61,1.0,1.0
South Africa,2013,12,2630.69,12.0,2630.69,1.0,1.0
South Africa,2014,3,87.0,3.0,87.0,1.0,1.0
South Africa,2015,19,4102.918,19.0,4102.918,1.0,1.0
South Africa,2016,3,1027.608,2.0,797.788,0.6666666666666666,0.7763544075172635
South Africa,2018,21,4347.23,21.0,4347.23,1.0,1.0
South Africa,2019,1,13.5,0.0,0.0,0.0,0.0
South Africa,2021,1,826.3,1.0,826.3,1.0,1.0
South Africa,2022,4,1422.48,3.0,1307.03,0.75,0.9188389291940835
South Africa,2023,11,1362.3600000000001,9.0,1124.3600000000001,0.8181818181818182,0.8253031504154555
South Africa,2024,5,1234.99,5.0,1234.99,1.0,1.0
South Sudan,2024,2,20.0,2.0,20.0,1.0,1.0
Sri Lanka,2001,4,136.5,2.0,4.5,0.5,0.03296703296703297
Sri Lanka,2002,3,40.75,2.0,38.7,0.6666666666666666,0.9496932515337424
Sri Lanka,2003,4,20.78,4.0,20.78,1.0,1.0
Sri Lanka,2004,5,80.8,4.0,18.8,0.8,0.23267326732673269
Sri Lanka,2005,3,64.1,2.0,4.1,0.6666666666666666,0.06396255850234009
Sri Lanka,2006,1,1.0,1.0,1.0,1.0,1.0
Sri Lanka,2007,4,46.0,4.0,46.0,1.0,1.0
Sri Lanka,2008,9,45.65,9.0,45.65,1.0,1.0
Sri Lanka,2009,5,41.7,5.0,41.7,1.0,1.0
Sri Lanka,2010,9,684.4,7.0,159.4,0.7777777777777778,0.23290473407364115
Sri Lanka,2011,12,616.96,11.0,116.96,0.9166666666666666,0.18957468879668046
Sri Lanka,2012,10,354.90000000000003,10.0,354.90000000000003,1.0,1.0
Sri Lanka,2014,1,13.585,1.0,13.585,1.0,1.0
Sri Lanka,2017,2,225.0,1.0,105.0,0.5,0.4666666666666667
Sri Lanka,2018,1,81.94,1.0,81.94,1.0,1.0
Sri Lanka,2021,1,70.64,1.0,70.64,1.0,1.0
Sri Lanka,2023,2,708.32,1.0,8.32,0.5,0.011746103456065055
St. Kitts and Nevis,2020,1,47.85,1.0,47.85,1.0,1.0
St. Lucia,2017,1,20.0,1.0,20.0,1.0,1.0
St. Vincent and the Grenadines,2019,1,82.0,1.0,82.0,1.0,1.0
Sudan,2003,1,177.0,0.0,0.0,0.0,0.0
Sudan,2004,1,159.0,0.0,0.0,0.0,0.0
Sudan,2006,1,30.0,0.0,0.0,0.0,0.0
Sudan,2007,1,120.7,1.0,120.7,1.0,1.0
Sudan,2019,1,604.37,0.0,0.0,0.0,0.0
Suriname,2023,1,14.5,0.0,0.0,0.0,0.0
Syrian Arab Republic,2001,2,161.0,0.0,0.0,0.0,0.0
Syrian Arab Republic,2006,1,37.0,0.0,0.0,0.0,0.0
Syrian Arab Republic,2009,1,45.0,0.0,0.0,0.0,0.0
Syrian Arab Republic,2015,2,276.0,0.0,0.0,0.0,0.0
São Tomé and Principe,2004,1,50.0,1.0,50.0,1.0,1.0
São Tomé and Principe,2023,1,30.0,1.0,30.0,1.0,1.0
Tajikistan,2001,1,5.0,0.0,0.0,0.0,0.0
Tajikistan,2002,1,16.0,1.0,16.0,1.0,1.0
Tajikistan,2005,1,0.0,0.0,0.0,0.0,
Tajikistan,2006,1,720.0,1.0,720.0,1.0,1.0
Tajikistan,2008,1,220.0,1.0,220.0,1.0,1.0
Tajikistan,2022,1,4.5,1.0,4.5,1.0,1.0
Tanzania,2000,2,27.69,0.0,0.0,0.0,0.0
Tanzania,2001,4,438.5,0.0,0.0,0.0,0.0
Tanzania,2003,1,8.5,1.0,8.5,1.0,1.0
Tanzania,2005,9,85.0,0.0,0.0,0.0,0.0
Tanzania,2006,3,28.4,0.0,0.0,0.0,0.0
Tanzania,2007,1,134.0,0.0,0.0,0.0,0.0
Tanzania,2011,3,134.1,0.0,0.0,0.0,0.0
Tanzania,2016,1,28.0,0.0,0.0,0.0,0.0
Tanzania,2020,1,1.2,1.0,1.2,1.0,1.0
Tanzania,2023,4,487.0,2.0,30.0,0.5,0.061601642710472276
Tanzania,2024,3,187.0,1.0,15.0,0.3333333333333333,0.08021390374331551
Thailand,2000,14,918.1,10.0,283.1,0.7142857142857143,0.30835420978106964
Thailand,2001,6,1245.4,1.0,15.0,0.16666666666666666,0.012044323109041272
Thailand,2003,3,1381.0,1.0,36.0,0.3333333333333333,0.02606806661839247
Thailand,2004,3,439.0,2.0,0.0,0.6666666666666666,0.0
Thailand,2005,5,1747.6,3.0,241.6,0.6,0.1382467383840696
Thailand,2006,2,216.10000000000002,1.0,18.8,0.5,0.0869967607589079
Thailand,2008,2,1374.0,0.0,0.0,0.0,0.0
Thailand,2010,7,1055.361,4.0,456.21000000000004,0.5714285714285714,0.43227862314411847
Thailand,2011,9,1699.5,8.0,514.5,0.8888888888888888,0.3027360988526037
Thailand,2012,22,2109.1099999999997,20.0,822.9100000000001,0.9090909090909091,0.39016931312259684
Thailand,2013,12,616.19,10.0,261.19,0.8333333333333334,0.42387899836089515
Thailand,2014,6,4345.03,2.0,311.03,0.3333333333333333,0.07158293498548916
Thailand,2015,14,1742.005,11.0,1403.365,0.7857142857142857,0.8056033134233254
Thailand,2016,5,535.15,4.0,299.15,0.8,0.5590021489302065
Thailand,2017,8,4823.57,5.0,1350.07,0.625,0.2798902058019268
Thailand,2018,4,1999.02,3.0,464.62,0.75,0.23242388770497543
Thailand,2019,1,1653.34,0.0,0.0,0.0,0.0
Thailand,2020,4,254.8,3.0,119.06,0.75,0.4672684458398744
Thailand,2022,2,794.51,0.0,0.0,0.0,0.0
Thailand,2024,2,1798.7,2.0,1798.7,1.0,1.0
Timor-Leste,2002,1,0.0,0.0,0.0,0.0,
Timor-Leste,2018,1,490.0,0.0,0.0,0.0,0.0
Togo,2000,1,67.7,0.0,0.0,0.0,0.0
Togo,2005,2,666.9,0.0,0.0,0.0,0.0
Togo,2012,1,442.0,0.0,0.0,0.0,0.0
Togo,2020,2,182.23,2.0,182.23,1.0,1.0
Togo,2022,3,76.12,3.0,76.12,1.0,1.0
Togo,2024,1,60.2,0.0,0.0,0.0,0.0
Tonga,2000,3,7.0,0.0,0.0,0.0,0.0
Tonga,2011,1,6.4,1.0,6.4,1.0,1.0
Tunisia,2002,2,307.0,0.0,0.0,0.0,0.0
Tunisia,2006,1,2250.0,0.0,0.0,0.0,0.0
Tunisia,2007,1,840.0,0.0,0.0,0.0,0.0
Tunisia,2010,1,95.0,1.0,95.0,1.0,1.0
Tunisia,2019,1,10.0,1.0,10.0,1.0,1.0
Tunisia,2020,1,40.0,1.0,40.0,1.0,1.0
Tunisia,2022,2,104.98,2.0,104.98,1.0,1.0
Tunisia,2023,3,665.42,2.0,306.6,0.6666666666666666,0.46076162423732386
Tunisia,2024,3,104.10000000000001,3.0,104.10000000000001,1.0,1.0
Turkey,2000,2,3575.0,0.0,0.0,0.0,0.0
Turkey,2001,1,1700.0,0.0,0.0,0.0,0.0
Turkey,2002,1,360.0,0.0,0.0,0.0,0.0
Turkey,2004,14,423.15,0.0,0.0,0.0,0.0
Turkey,2005,5,9433.0,0.0,0.0,0.0,0.0
Turkey,2006,6,1642.7,2.0,280.7,0.3333333333333333,0.17087721434224143
Turkey,2007,4,2639.9,0.0,0.0,0.0,0.0
Turkey,2008,15,4742.7,10.0,1652.5,0.6666666666666666,0.3484302190735235
Turkey,2009,14,2164.0,12.0,1827.0,0.8571428571428571,0.8442698706099815
Turkey,2010,17,2947.48,15.0,2614.78,0.8823529411764706,0.8871239160231792
Turkey,2011,39,6571.42,32.0,2953.61,0.8205128205128205,0.44946297756040554
Turkey,2012,22,4271.75,20.0,1683.75,0.9090909090909091,0.39415930239363256
Turkey,2013,16,16403.6,7.0,339.6,0.4375,0.020702772562120515
Turkey,2014,17,15215.85,10.0,1056.45,0.5882352941176471,0.06943088950009366
Turkey,2015,10,38643.27,6.0,1301.5,0.6,0.0336798619785541
Turkey,2016,18,3615.0,16.0,2759.5,0.8888888888888888,0.7633471645919778
Turkey,2017,9,1801.38,7.0,720.9000000000001,0.7777777777777778,0.40019318522466113
Turkey,2018,10,7669.41,5.0,745.51,0.5,0.0972056520645004
Turkey,2019,9,1037.35,5.0,782.95,0.5555555555555556,0.7547597242974889
Turkey,2020,8,408.96999999999997,8.0,408.96999999999997,1.0,1.0
Turkey,2021,2,1134.0,2.0,1134.0,1.0,1.0
Turkey,2022,2,132.0,1.0,102.0,0.5,0.7727272727272727
Turkey,2023,3,235.82,3.0,235.82,1.0,1.0
Turkey,2024,10,3666.29,8.0,1707.09,0.8,0.46561783164997855
Uganda,2002,1,0.0,1.0,0.0,1.0,
Uganda,2003,2,18.1,1.0,6.8,0.5,0.3756906077348066
Uganda,2005,1,11.83,0.0,0.0,0.0,0.0
Uganda,2006,3,458.8,1.0,43.0,0.3333333333333333,0.09372275501307759
Uganda,2007,2,871.8,1.0,860.0,0.5,0.9864647855012618
Uganda,2008,4,160.0,3.0,72.0,0.75,0.45
Uganda,2009,7,118.0,3.0,86.0,0.42857142857142855,0.7288135593220338
Uganda,2012,1,34.0,1.0,34.0,1.0,1.0
Uganda,2015,2,45.4,2.0,45.4,1.0,1.0
Uganda,2016,4,64.03999999999999,4.0,64.03999999999999,1.0,1.0
Uganda,2017,1,19.3,1.0,19.3,1.0,1.0
Uganda,2019,1,87.0,1.0,87.0,1.0,1.0
Uganda,2021,1,229.5,0.0,0.0,0.0,0.0
Uganda,2022,1,22.0,1.0,22.0,1.0,1.0
Uganda,2023,2,226.0,1.0,19.0,0.5,0.084070796460177
Uganda,2024,2,135.0,1.0,95.0,0.5,0.7037037037037037
Ukraine,2002,5,167.52999999999997,0.0,0.0,0.0,0.0
Ukraine,2003,2,100.0,2.0,100.0,1.0,1.0
Ukraine,2007,4,248.7,0.0,0.0,0.0,0.0
Ukraine,2008,1,102.0,1.0,102.0,1.0,1.0
Ukraine,2009,1,130.0,0.0,0.0,0.0,0.0
Ukraine,2010,4,311.6,0.0,0.0,0.0,0.0
Ukraine,2011,6,2080.6,5.0,760.6,0.8333333333333334,0.36556762472363746
Ukraine,2012,21,978.0,10.0,940.2,0.47619047619047616,0.9613496932515337
Ukraine,2014,1,70.0,1.0,70.0,1.0,1.0
Ukraine,2017,3,174.5,2.0,24.5,0.6666666666666666,0.14040114613180515
Ukraine,2018,10,669.22,10.0,669.22,1.0,1.0
Ukraine,2019,12,1348.8600000000001,12.0,1348.8600000000001,1.0,1.0
Ukraine,2020,2,30.0,1.0,15.0,0.5,0.5
Ukraine,2021,2,1571.0,1.0,1451.0,0.5,0.9236155315085932
Uruguay,2001,1,500.0,0.0,0.0,0.0,0.0
Uzbekistan,2004,1,0.0,1.0,0.0,1.0,
Uzbekistan,2008,1,25.0,0.0,0.0,0.0,0.0
Uzbekistan,2019,1,12.0,1.0,12.0,1.0,1.0
Uzbekistan,2020,2,279.73,2.0,279.73,1.0,1.0
Uzbekistan,2021,1,1002.0,0.0,0.0,0.0,0.0
Uzbekistan,2022,3,1945.4,3.0,1945.4,1.0,1.0
Uzbekistan,2023,7,2693.94,6.0,1611.94,0.8571428571428571,0.5983577956450403
Uzbekistan,2024,7,1154.57,7.0,1154.57,1.0,1.0
Vanuatu,2009,1,5.6,1.0,5.6,1.0,1.0
Vanuatu,2013,1,17.8,0.0,0.0,0.0,0.0
"Venezuela, RB",2001,3,115.3,2.0,15.0,0.6666666666666666,0.13009540329575023
"Venezuela, RB",2003,1,9.47,0.0,0.0,0.0,0.0
"Venezuela, RB",2004,1,34.0,0.0,0.0,0.0,0.0
Vietnam,2001,2,241.0,1.0,154.0,0.5,0.6390041493775933
Vietnam,2002,2,1780.0,0.0,0.0,0.0,0.0
Vietnam,2003,5,659.0,2.0,7.0,0.4,0.010622154779969651
Vietnam,2005,9,365.2,6.0,145.0,0.6666666666666666,0.39704271631982474
Vietnam,2006,1,133.0,0.0,0.0,0.0,0.0
Vietnam,2007,8,454.36,5.0,168.06,0.625,0.3698829122281891
Vietnam,2008,4,535.3,2.0,170.3,0.5,0.31813936110592195
Vietnam,2009,7,806.3000000000001,5.0,339.3,0.7142857142857143,0.42081111248914793
Vietnam,2010,19,1077.65,18.0,922.6500000000001,0.9473684210526315,0.8561685148239224
Vietnam,2011,13,2771.77,11.0,653.77,0.8461538461538461,0.23586733386969336
Vietnam,2012,13,275.7,13.0,275.7,1.0,1.0
Vietnam,2013,1,275.5,0.0,0.0,0.0,0.0
Vietnam,2014,2,1790.0,1.0,50.0,0.5,0.027932960893854747
Vietnam,2016,3,293.4,2.0,288.9,0.6666666666666666,0.9846625766871165
Vietnam,2017,3,2479.0,2.0,79.0,0.6666666666666666,0.0318676885841065
Vietnam,2018,13,3645.7,12.0,1776.7,0.9230769230769231,0.4873412513371918
Vietnam,2019,11,4364.67,8.0,664.62,0.7272727272727273,0.15227268040882816
Vietnam,2020,15,2686.91,15.0,2686.91,1.0,1.0
Vietnam,2021,12,3375.66,10.0,983.66,0.8333333333333334,0.291397830350213
Vietnam,2022,7,4001.66,3.0,145.5,0.42857142857142855,0.03635991063708561
Vietnam,2023,2,117.0,2.0,117.0,1.0,1.0
Vietnam,2024,4,1664.0,3.0,264.0,0.75,0.15865384615384615
West Bank and Gaza,2000,2,173.8,0.0,0.0,0.0,0.0
"Yemen, Rep.",2004,1,0.0,0.0,0.0,0.0,
"Yemen, Rep.",2006,3,229.39,0.0,0.0,0.0,0.0
"Yemen, Rep.",2008,1,220.0,0.0,0.0,0.0,0.0
"Yemen, Rep.",2016,1,28.0,0.0,0.0,0.0,0.0
Zambia,2001,2,3.0,2.0,3.0,1.0,1.0
Zambia,2003,1,15.55,0.0,0.0,0.0,0.0
Zambia,2010,2,1989.0,1.0,1500.0,0.5,0.7541478129713424
Zambia,2011,1,239.0,1.0,239.0,1.0,1.0
Zambia,2015,1,830.0,0.0,0.0,0.0,0.0
Zambia,2017,1,59.0,1.0,59.0,1.0,1.0
Zambia,2018,1,45.0,1.0,45.0,1.0,1.0
Zambia,2021,1,336.0,1.0,336.0,1.0,1.0
Zambia,2023,2,38.5,1.0,7.5,0.5,0.19480519480519481
Zambia,2024,1,96.7,1.0,96.7,1.0,1.0
Zimbabwe,2011,1,97.0,0.0,0.0,0.0,0.0
Zimbabwe,2017,2,65.7,2.0,65.7,1.0,1.0
Zimbabwe,2022,2,377.05,2.0,377.05,1.0,1.0
Zimbabwe,2024,2,251.5,2.0,251.5,1.0,1.0
