country,year,investment_pp,technology
KHM,2010,247000000.0,Coal
KHM,2010,106500000.0,Not Applicable
KHM,2010,558000000.0,"Hydro, Large (>50MW)"
KHM,2010,412000000.0,"Hydro, Large (>50MW)"
KHM,2010,540000000.0,"Hydro, Large (>50MW)"
KHM,2012,,Biomass
KHM,2017,12500000.0,"Solar, PV"
KHM,2018,100210000.0,Other
KHM,2020,45000000.0,"Solar, PV"
KHM,2020,55000000.0,Other
KHM,2021,41200000.0,"Solar, PV"
KHM,2023,447500000.0,"Hydro, Large (>50MW)"
CHN,2010,36930000.0,Biomass
CHN,2010,249000000.0,Wind
CHN,2010,58060000.0,Wind
CHN,2010,51810000.0,"Solar, PV"
CHN,2010,25670000.0,"Hydro, Small (<50MW)"
CHN,2011,34430000.0,Biomass
CHN,2011,45850000.0,Biomass
CHN,2011,22010000.0,"Solar, PV"
CHN,2011,7640000.0,Not Applicable
CHN,2011,46830000.0,Wind
CHN,2011,7640000.0,Not Applicable
CHN,2011,79470000.0,Wind
CHN,2011,15280000.0,Not Applicable
CHN,2011,45820000.0,Biomass
CHN,2011,45980000.0,Biomass
CHN,2011,38830000.0,Biomass
CHN,2011,4580000.0,Not Applicable
CHN,2011,32570000.0,Biomass
CHN,2011,72200000.0,Wind
CHN,2011,61130000.0,Wind
CHN,2011,68010000.0,Wind
CHN,2011,76410000.0,Wind
CHN,2011,12230000.0,"Solar, PV"
CHN,2011,76410000.0,Wind
CHN,2011,71500000.0,Wind
CHN,2011,77400000.0,Wind
CHN,2011,45760000.0,Biomass
CHN,2011,74880000.0,Wind
CHN,2011,9000000.0,"Solar, PV"
CHN,2011,48900000.0,Biomass
CHN,2011,275080000.0,Wind
CHN,2011,30000000.0,"Solar, PV"
CHN,2011,33940000.0,"Solar, PV"
CHN,2011,122260000.0,"Solar, PV"
CHN,2011,76410000.0,Wind
CHN,2011,,Not Applicable
CHN,2011,53370000.0,"Solar, PV"
CHN,2011,90000000.0,"Solar, PV"
CHN,2011,91690000.0,"Solar, PV"
CHN,2011,54560000.0,"Solar, PV"
CHN,2011,9000000.0,"Solar, PV"
CHN,2011,64190000.0,Wind
CHN,2011,71830000.0,Wind
CHN,2011,77160000.0,Wind
CHN,2011,,"Solar, PV"
CHN,2011,45960000.0,Biomass
CHN,2011,100000000.0,Wind
CHN,2011,48910000.0,Biomass
CHN,2011,38020000.0,"Solar, PV"
CHN,2011,38050000.0,"Solar, PV"
CHN,2011,92860000.0,Biomass
CHN,2011,24990000.0,"Solar, PV"
CHN,2011,41200000.0,Waste
CHN,2011,70900000.0,"Solar, PV"
CHN,2012,46870000.0,Biomass
CHN,2012,21080000.0,"Hydro, Small (<50MW)"
CHN,2012,69570000.0,Biomass
CHN,2012,51690000.0,Biomass
CHN,2012,64430000.00000001,Wind
CHN,2012,47500000.0,Biomass
CHN,2012,,Waste
CHN,2012,38020000.0,"Solar, PV"
CHN,2012,47840000.0,Biomass
CHN,2012,,"Solar, PV"
CHN,2012,34850000.0,"Solar, PV"
CHN,2012,153130000.0,"Solar, PV"
CHN,2012,41190000.0,Biomass
CHN,2012,49110000.0,Biomass
CHN,2012,70810000.0,Wind
CHN,2012,,"Solar, PV"
CHN,2012,74880000.0,"Solar, PV"
CHN,2012,89900000.0,"Solar, PV"
CHN,2012,53490000.0,Waste
CHN,2012,47530000.0,Biomass
CHN,2012,45850000.0,Biomass
CHN,2012,7920000.0,"Hydro, Small (<50MW)"
CHN,2012,101430000.0,Waste
CHN,2012,100860000.0,Biomass
CHN,2012,35600000.0,Biomass
CHN,2012,28530000.0,"Solar, PV"
CHN,2012,68120000.0,Biomass
CHN,2012,34840000.0,Biomass
CHN,2012,61130000.0,Wind
CHN,2012,,Wind
CHN,2012,47530000.0,Biomass
CHN,2012,42150000.0,"Solar, PV"
CHN,2012,12960000.0,"Solar, PV"
CHN,2012,1000000000.0,"Solar, PV"
CHN,2012,63390000.0,"Solar, PV"
CHN,2012,48650000.0,Biomass
CHN,2012,44370000.0,Biomass
CHN,2012,51960000.0,Biomass
CHN,2012,19010000.0,"Solar, PV"
CHN,2012,205950000.0,"Solar, PV"
CHN,2012,79980000.0,Waste
CHN,2013,5330000.0,Waste
CHN,2013,45680000.0,Biomass
CHN,2013,41960000.0,"Solar, PV"
CHN,2013,48420000.0,"Solar, PV"
CHN,2013,9370000.0,"Solar, PV"
CHN,2013,85540000.0,"Solar, PV"
CHN,2013,45380000.0,Biomass
CHN,2013,58100000.0,Biomass
CHN,2013,54880000.0,Biomass
CHN,2013,107820000.0,Biomass
CHN,2013,74240000.0,Wind
CHN,2013,54880000.0,Wind
CHN,2013,40350000.0,"Solar, PV"
CHN,2013,110880000.0,"Solar, PV"
CHN,2013,79890000.0,"Solar, PV"
CHN,2013,137190000.0,"Solar, PV"
CHN,2013,48420000.0,"Solar, PV"
CHN,2013,42950000.0,"Solar, PV"
CHN,2013,255660000.0,"Solar, PV"
CHN,2013,7830000.0,Not Applicable
CHN,2013,40670000.0,"Solar, PV"
CHN,2013,80700000.0,Wind
CHN,2013,48420000.0,"Solar, PV"
CHN,2013,46810000.0,Biomass
CHN,2013,45710000.0,Biomass
CHN,2013,59910000.0,Biomass
CHN,2013,58100000.0,Biomass
CHN,2013,193680000.0,"Solar, PV"
CHN,2013,73220000.0,Wind
CHN,2013,51650000.0,Waste
CHN,2013,56490000.0,Waste
CHN,2013,44710000.0,"Solar, PV"
CHN,2013,40350000.0,Not Applicable
CHN,2013,40350000.0,"Solar, PV"
CHN,2013,24210000.0,Not Applicable
CHN,2013,48420000.0,Biomass
CHN,2013,88770000.0,"Solar, PV"
CHN,2013,35510000.0,"Solar, PV"
CHN,2013,322260000.0,"Solar, PV"
CHN,2013,37230000.0,Biomass
CHN,2013,44220000.0,Waste
CHN,2013,95390000.0,"Solar, PV"
CHN,2013,10690000.0,Not Applicable
CHN,2013,58100000.0,"Solar, PV"
CHN,2013,38740000.0,"Solar, PV"
CHN,2013,5520000.0,Biogas
CHN,2013,161400000.0,"Solar, PV"
CHN,2013,96840000.0,"Solar, PV"
CHN,2013,41480000.0,"Solar, PV"
CHN,2013,3340000.0,"Hydro, Small (<50MW)"
CHN,2013,51650000.0,Biomass
CHN,2013,69400000.0,Wind
CHN,2013,80700000.0,Wind
CHN,2013,110880000.0,"Solar, PV"
CHN,2013,77470000.0,Biomass
CHN,2013,34540000.0,"Solar, PV"
CHN,2014,47440000.0,Biomass
CHN,2014,38240000.0,"Solar, PV"
CHN,2014,47440000.0,Biomass
CHN,2014,48860000.0,Biomass
CHN,2014,40040000.0,"Solar, PV"
CHN,2014,87900000.0,"Solar, PV"
CHN,2014,40210000.0,"Solar, PV"
CHN,2014,20200000.0,Not Applicable
CHN,2014,35070000.0,"Solar, PV"
CHN,2014,25200000.0,Biomass
CHN,2014,30930000.0,Waste
CHN,2014,34180000.0,"Solar, PV"
CHN,2014,73250000.0,Waste
CHN,2014,160100000.0,Waste
CHN,2014,102550000.0,Waste
CHN,2014,135100000.0,Wind
CHN,2014,47440000.0,Biomass
CHN,2014,35810000.0,"Solar, PV"
CHN,2014,97670000.0,Biomass
CHN,2014,24420000.0,
CHN,2014,80700000.0,"Solar, PV"
CHN,2014,13340000.0,Biomass
CHN,2014,70800000.0,Wind
CHN,2014,25200000.0,Biomass
CHN,2014,72630000.0,Wind
CHN,2014,39070000.0,"Solar, PV"
CHN,2014,56490000.0,"Solar, PV"
CHN,2014,8140000.000000001,
CHN,2014,80630000.0,"Solar, PV"
CHN,2014,41790000.0,Waste
CHN,2015,64230000.00000001,Wind
CHN,2015,16059999.999999998,"Solar, PV"
CHN,2015,112400000.0,"Solar, PV"
CHN,2015,75060000.0,"Solar, PV"
CHN,2015,40140000.0,Waste
CHN,2015,44960000.0,"Solar, PV"
CHN,2015,50200000.0,Wind
CHN,2015,40140000.0,Waste
CHN,2015,350570000.0,Wind
CHN,2015,63180000.0,Waste
CHN,2015,20090000.0,"Solar, PV"
CHN,2015,35580000.0,Biomass
CHN,2015,73430000.0,Wind
CHN,2015,72260000.0,Wind
CHN,2015,56290000.0,Waste
CHN,2015,218300000.0,Wind
CHN,2015,32110000.0,"Solar, PV"
CHN,2015,38000000.0,Biomass
CHN,2015,97140000.0,Waste
CHN,2015,45890000.0,Biomass
CHN,2015,26980000.0,"Solar, PV"
CHN,2015,96350000.0,"Solar, PV"
CHN,2015,47440000.0,Biomass
CHN,2015,43620000.0,Waste
CHN,2015,16059999.999999998,"Solar, PV"
CHN,2015,603770000.0,Wind
CHN,2015,93140000.0,"Solar, PV"
CHN,2015,30580000.0,"Solar, PV"
CHN,2015,28900000.0,"Solar, PV"
CHN,2015,133280000.0,"Solar, PV"
CHN,2015,51380000.0,"Solar, PV"
CHN,2015,88320000.0,Waste
CHN,2015,75470000.0,"Solar, PV"
CHN,2015,67290000.0,Wind
CHN,2015,47440000.0,Biomass
CHN,2015,35640000.0,Waste
CHN,2015,76430000.0,"Solar, PV"
CHN,2015,43360000.0,"Solar, PV"
CHN,2015,35170000.0,"Solar, PV"
CHN,2016,145300000.0,"Solar, PV"
CHN,2016,145320000.0,"Solar, PV"
CHN,2016,130030000.0,"Solar, PV"
CHN,2016,130030000.0,"Solar, PV"
CHN,2016,126970000.0,"Solar, PV"
CHN,2016,54180000.0,Biomass
CHN,2016,38240000.0,Waste
CHN,2016,15050000.0,Biomass
CHN,2016,428320000.0,Natural Gas
CHN,2016,90331000.0,"Solar, PV"
CHN,2016,45150000.0,"Solar, PV"
CHN,2016,65780000.0,Biomass
CHN,2016,68840000.0,Biomass
CHN,2016,43890000.0,Waste
CHN,2016,34620000.0,Waste
CHN,2016,135460000.0,"Solar, PV"
CHN,2016,27820000.0,Biomass
CHN,2016,37630000.0,Waste
CHN,2016,37630000.0,"Solar, PV"
CHN,2016,73700000.0,Waste
CHN,2016,36120000.0,Waste
CHN,2016,67380000.0,"Solar, PV"
CHN,2016,67380000.0,"Solar, PV"
CHN,2016,55000000.0,"Solar, PV"
CHN,2016,75260000.0,"Solar, PV"
CHN,2016,90310000.0,Biomass
CHN,2016,153520000.0,"Solar, PV"
CHN,2016,180610000.0,"Solar, PV"
CHN,2016,30100000.0,"Solar, PV"
CHN,2016,68840000.0,"Solar, PV"
CHN,2016,45370000.0,Biomass
CHN,2016,47440000.0,Waste
CHN,2016,51710000.0,Biomass
CHN,2016,43000000.0,"Hydro, Small (<50MW)"
CHN,2016,27530000.0,"Solar, PV"
CHN,2016,57190000.0,"Solar, PV"
CHN,2016,48160000.0,"Solar, PV"
CHN,2016,47440000.0,Biomass
CHN,2016,48190000.0,Biomass
CHN,2016,75260000.0,"Solar, PV"
CHN,2016,52190000.0,Biomass
CHN,2016,70370000.0,"Solar, PV"
CHN,2016,50410000.0,Biomass
CHN,2016,27530000.0,"Solar, PV"
CHN,2016,44480000.0,Biomass
CHN,2017,68370000.0,"Solar, PV"
CHN,2017,8880000.0,"Solar, PV"
CHN,2017,248000000.0,Wind
CHN,2017,51800000.0,"Solar, PV"
CHN,2017,21780000.0,Waste
CHN,2017,116370000.0,Biomass
CHN,2017,48040000.0,Biomass
CHN,2017,99000000.0,Biomass
CHN,2017,22500000.0,"Solar, PV"
CHN,2017,56490000.0,Biomass
CHN,2017,123640000.0,"Solar, PV"
CHN,2017,115430000.0,"Solar, PV"
CHN,2017,47150000.0,Biomass
CHN,2017,69820000.0,"Solar, PV"
CHN,2017,36200000.0,Waste
CHN,2017,18330000.0,"Solar, PV"
CHN,2017,108030000.0,Waste
CHN,2017,92790000.0,Waste
CHN,2017,61420000.0,Waste
CHN,2017,48840000.0,Waste
CHN,2017,49460000.0,Waste
CHN,2017,174550000.0,"Solar, PV"
CHN,2017,177590000.0,"Solar, PV"
CHN,2017,55170000.0,"Solar, PV"
CHN,2017,210630000.0,"Solar, PV"
CHN,2017,21820000.0,"Solar, PV"
CHN,2017,2620000.0,"Solar, PV"
CHN,2017,26640000.0,"Solar, PV"
CHN,2017,87280000.0,"Solar, CSP"
CHN,2017,260370000.0,"Solar, PV"
CHN,2017,218190000.0,"Solar, CSP"
CHN,2017,73990000.0,Biomass
CHN,2017,51800000.0,"Solar, PV"
CHN,2017,29090000.0,"Solar, PV"
CHN,2018,44900000.0,Biomass
CHN,2018,54860000.0,Biomass
CHN,2018,50410000.0,Biomass
CHN,2018,102000000.0,Waste
CHN,2019,9710000.0,"Hydro, Small (<50MW)"
CHN,2020,38050000.0,Waste
CHN,2020,54560000.0,Waste
CHN,2020,53850000.0,Waste
CHN,2020,115550000.0,Waste
CHN,2020,84720000.0,Waste
CHN,2020,170000000.0,"Solar, PV"
CHN,2020,90840000.0,Waste
CHN,2020,19450000.0,Wind
CHN,2020,28720000.0,Waste
CHN,2020,91040000.0,Waste
CHN,2020,91400000.0,Waste
CHN,2021,27550000.0,Waste
CHN,2021,21250000.0,Waste
CHN,2021,145610000.0,Waste
CHN,2021,70000000.0,"Solar, PV"
CHN,2022,236000000.0,Wind
CHN,2022,327400000.0,Wind
CHN,2022,,"Solar, CSP"
CHN,2023,643600000.0,"Wind, Other"
CHN,2023,50000000.0,"Solar, PV"
CHN,2023,1591620000.0,"Hydro, Large (>50MW)"
CHN,2023,5467000000.0,Other
CHN,2023,15900000.0,Wind
CHN,2023,42000000.0,"Wind, N/A"
CHN,2023,2928230000.0,Not Applicable
CHN,2023,,"Solar, PV"
CHN,2023,598000000.0,Coal
CHN,2023,4049200000.0,
CHN,2023,2117320000.0000002,Not Applicable
CHN,2023,5880000000.0,
CHN,2023,1135380000.0,"Hydro, Large (>50MW)"
CHN,2023,3924690000.0,Not Applicable
CHN,2023,684000000.0,Wind
CHN,2023,2079100000.0,
CHN,2023,257500000.0,Wind
CHN,2023,1011300000.0,"Solar, PV, Other"
CHN,2023,51040000.0,"Solar, PV"
CHN,2023,1199520000.0,"Hydro, Large (>50MW)"
CHN,2023,28830000.0,
CHN,2023,2264000000.0,
CHN,2023,919400000.0,
CHN,2023,1478610000.0,"Hydro, Large (>50MW)"
CHN,2024,69600000.0,"Wind, Not Applicable"
CHN,2024,417900000.0,Wind
CHN,2024,179650000.0,
CHN,2024,215000000.0,"Wind, N/A"
CHN,2024,45900000.0,Wind
CHN,2024,1012000000.0,"Wind, N/A"
CHN,2024,47000000.0,Wind
CHN,2024,361500000.0,Wind
CHN,2024,128699999.99999999,"Wind, N/A"
CHN,2024,1367200000.0,"Solar, PV"
CHN,2024,802400000.0,Wind
CHN,2024,2018600000.0,
CHN,2024,490200000.0,Wind
CHN,2024,1379700000.0,
CHN,2024,4650000.0,Not Applicable
CHN,2024,49660000.0,Wind
CHN,2024,1208600000.0,"Hydro, Large (>50MW)"
CHN,2024,68840000.0,
CHN,2024,103680000.0,Wind
CHN,2024,63450000.0,Not Applicable
CHN,2024,169100000.0,"Wind, Solar, PV"
CHN,2024,157770000.0,Wind
CHN,2024,1127000000.0,"Hydro, Large (>50MW)"
CHN,2024,334350000.0,Not Applicable
CHN,2024,621940000.0,Not Applicable
CHN,2024,60600000.0,Not Applicable
CHN,2024,39300000.0,Wind
CHN,2024,364200000.0,Wind
CHN,2024,372800000.0,Wind
CHN,2024,42750000.0,Wind
CHN,2024,329000000.0,Wind
CHN,2024,1131800000.0,Wind
CHN,2024,167630000.0,Not Applicable
CHN,2024,1116700000.0,"Hydro, Large (>50MW)"
CHN,2024,489400000.0,Wind
CHN,2024,299500000.0,"Wind, Solar, PV"
CHN,2024,1545700000.0,Wind
CHN,2024,289600000.0,Wind
CHN,2024,318100000.0,Wind
CHN,2024,83950000.0,Wind
CHN,2024,1176000000.0,"Wind, Coal, N/A"
CHN,2024,264800000.0,Wind
CHN,2024,641800000.0,"Wind, Solar, PV"
CHN,2024,,Not Applicable
CHN,2024,295000000.0,"Solar, PV, N/A"
CHN,2024,14263000000.0,"Solar, PV, Wind, Coal, N/A"
CHN,2024,92670000.0,Not Applicable
CHN,2024,221280000.0,Wind
CHN,2024,142780000.0,Not Applicable
IDN,2010,850000000.0,Coal
IDN,2010,1450000000.0,Coal
IDN,2011,35000000.0,Geothermal
IDN,2011,126000000.0,Coal
IDN,2012,,"Hydro, Small (<50MW)"
IDN,2012,42400000.0,"Hydro, Small (<50MW)"
IDN,2012,10000000.0,"Hydro, Small (<50MW)"
IDN,2012,174000000.0,"Hydro, Small (<50MW)"
IDN,2012,5000000.0,Biomass
IDN,2012,1540000000.0,Geothermal
IDN,2012,,Geothermal
IDN,2012,,Geothermal
IDN,2012,104000000.0,"Solar, PV"
IDN,2012,25600000.0,"Hydro, Small (<50MW)"
IDN,2013,1000000000.0,Coal
IDN,2013,900000000.0,Coal
IDN,2013,6000000.0,Biogas
IDN,2013,30700000.0,"Hydro, Small (<50MW)"
IDN,2014,150000000.0,"Hydro, Small (<50MW)"
IDN,2014,1540500000.0,Geothermal
IDN,2015,191000000.0,"Hydro, Large (>50MW)"
IDN,2016,360000000.0,Coal
IDN,2016,4300000000.0,Coal
IDN,2016,1398000000.0,Coal
IDN,2016,210800000.0,"Hydro, Small (<50MW)"
IDN,2016,1800000000.0,Coal
IDN,2017,2175000000.0,Coal
IDN,2017,558000000.0,Coal
IDN,2017,587700000.0,Geothermal
IDN,2017,20000000.0,Biogas
IDN,2017,150000000.0,Wind
IDN,2017,244800000.0,Geothermal
IDN,2017,750000000.0,Coal
IDN,2017,4194000000.0,Coal
IDN,2017,160000000.0,Wind
IDN,2018,1775000000.0,Natural Gas
IDN,2018,250000000.0,"Natural Gas, Diesel"
IDN,2018,40000000.0,"Solar, PV"
IDN,2018,820100000.0,"Hydro, Large (>50MW)"
IDN,2018,540000000.0,Geothermal
IDN,2019,290000000.0,Natural Gas
IDN,2021,150000000.0,"Solar, PV"
IDN,2023,126000000.0,Geothermal
IDN,2023,45000000.0,"Solar, PV"
IDN,2024,126000000.0,Geothermal
IDN,2024,20000000.0,"Solar, PV"
LAO,2010,3710000000.0,Coal
LAO,2010,150000000.0,"Hydro, Large (>50MW)"
LAO,2011,14000000.0,"Hydro, Small (<50MW)"
LAO,2011,441600000.0,"Hydro, Large (>50MW)"
LAO,2012,317000000.0,"Hydro, Large (>50MW)"
LAO,2012,71420000.0,"Hydro, Large (>50MW)"
LAO,2012,982000000.0,"Hydro, Large (>50MW)"
LAO,2012,120000000.0,"Hydro, Large (>50MW)"
LAO,2012,1200000000.0,"Hydro, Large (>50MW)"
LAO,2012,168000000.0,"Hydro, Large (>50MW)"
LAO,2012,600000000.0,"Hydro, Large (>50MW)"
LAO,2012,,"Hydro, Large (>50MW)"
LAO,2012,,"Hydro, Large (>50MW)"
LAO,2012,430000000.0,"Hydro, Large (>50MW)"
LAO,2012,2000000000.0,"Hydro, Large (>50MW)"
LAO,2012,,"Hydro, Large (>50MW)"
LAO,2014,979500000.0,"Hydro, Large (>50MW)"
LAO,2014,1046000000.0,"Hydro, Large (>50MW)"
LAO,2017,500000000.0,"Hydro, Large (>50MW)"
LAO,2017,1300000000.0,"Hydro, Large (>50MW)"
LAO,2017,50000000.0,"Hydro, Small (<50MW)"
LAO,2019,49000000.0,"Hydro, Small (<50MW)"
LAO,2023,959000000.0,Wind
MYS,2010,34000000.0,Not Applicable
MYS,2011,24000000.0,"Solar, PV"
MYS,2012,4000000.0,Biogas
MYS,2012,17200000.0,"Solar, PV, Biogas"
MYS,2012,36000000.0,Biomass
MYS,2012,,"Solar, PV"
MYS,2012,136700000.0,Geothermal
MYS,2013,41000000.0,"Solar, PV"
MYS,2013,456000000.0,Natural Gas
MYS,2013,786000000.0,Natural Gas
MYS,2014,52000000.0,Biomass
MYS,2015,2675000000.0,Coal
MYS,2015,15500000.0,Biomass
MYS,2016,5000000.0,Biogas
MYS,2016,12000000.0,Biogas
MYS,2016,5000000.0,Biogas
MYS,2017,293000000.0,"Solar, PV"
MYS,2017,3000000.0,Biogas
MYS,2017,69300000.0,"Solar, PV"
MYS,2018,71850000.0,"Solar, PV"
MYS,2018,71400000.0,"Solar, PV"
MYS,2019,35030000.0,"Solar, PV"
MYS,2019,60000000.0,"Solar, PV"
MYS,2021,494500000.0,"Solar, PV"
MYS,2021,837000000.0,Natural Gas
MYS,2022,47660000.0,"Solar, PV"
MYS,2023,100000000.0,"Solar, PV"
MYS,2023,9700000.0,"Solar, PV"
MYS,2023,21090000.0,"Solar, PV"
MYS,2024,392000000.0,
MYS,2024,19320000.0,"Solar, PV"
MNG,2012,120000000.0,Wind
MNG,2016,128000000.0,Wind
MNG,2017,120000000.0,Wind
MNG,2018,54000000.0,"Solar, PV"
MNG,2019,18700000.0,"Solar, PV"
MMR,2013,170000000.0,Natural Gas
MMR,2017,315000000.0,Natural Gas
MMR,2018,293000000.0,"Solar, PV"
PLW,2022,22000000.0,"Solar, PV"
PNG,2023,1200000.0,"Solar, PV"
PHL,2010,28250000.0,Geothermal
PHL,2010,451000000.0,Coal
PHL,2010,1000000000.0,Coal
PHL,2011,74000000.0,Geothermal
PHL,2011,8359999.999999999,Other
PHL,2011,209100000.0,Coal
PHL,2011,5000000.0,"Hydro, Small (<50MW)"
PHL,2012,,Wind
PHL,2012,12000000.0,Biomass
PHL,2012,236500000.0,Wind
PHL,2012,40200000.0,Geothermal
PHL,2012,,"Solar, PV"
PHL,2012,,Wind
PHL,2012,38230000.0,Biomass
PHL,2012,151100000.0,Wind
PHL,2012,500000000.0,"Hydro, Large (>50MW)"
PHL,2013,169290000.0,Wind
PHL,2013,70000000.0,Biomass
PHL,2013,720000000.0,Coal
PHL,2013,245000000.0,Coal
PHL,2014,480000000.0,Biomass
PHL,2015,436240000.0,"Hydro, Large (>50MW)"
PHL,2015,72000000.0,"Solar, PV"
PHL,2015,280000000.0,"Hydro, Large (>50MW)"
PHL,2015,648500000.0,Coal
PHL,2015,700000000.0,Coal
PHL,2015,380000000.0,Natural Gas
PHL,2015,119000000.0,"Solar, PV"
PHL,2015,1195050000.0,Coal
PHL,2015,104000000.0,"Solar, PV"
PHL,2015,935900000.0,Coal
PHL,2015,25700000.0,"Hydro, Small (<50MW)"
PHL,2016,1115400000.0,Coal
PHL,2016,1045000000.0,Coal
PHL,2016,318000000.0,Biomass
PHL,2017,1700000000.0,Coal
PHL,2018,19120000.0,Biomass
PHL,2019,21500000.0,"Hydro, Small (<50MW)"
PHL,2019,31000000.0,"Solar, PV"
PHL,2020,59610000.0,"Solar, PV"
PHL,2021,238010000.0,Wind
PHL,2021,110000000.0,"Solar, PV"
PHL,2021,53700000.0,"Solar, PV"
PHL,2022,43800000.0,"Solar, PV"
PHL,2022,47000000.0,"Solar, PV"
PHL,2022,17000000.0,"Solar, PV"
PHL,2022,11790000.0,"Hydro, Small (<50MW)"
PHL,2022,21360000.0,"Hydro, Small (<50MW)"
PHL,2022,84820000.0,"Hydro, Small (<50MW)"
PHL,2022,19410000.0,"Hydro, Small (<50MW)"
PHL,2023,364700000.0,"Solar, PV"
PHL,2023,555600000.0,"Solar, PV"
PHL,2023,99750000.0,"Solar, PV"
PHL,2023,395500000.0,"Solar, PV"
PHL,2023,100000000.0,"Solar, PV"
PHL,2023,33060000.000000004,Wind
PHL,2023,292790000.0,"Solar, PV"
PHL,2023,60000000.0,"Solar, PV"
PHL,2023,17800000.0,"Solar, PV"
PHL,2023,36000000.0,"Solar, PV"
PHL,2023,,Geothermal
PHL,2023,126360000.0,"Solar, PV, Wind"
PHL,2024,122000000.0,Wind
PHL,2024,100000000.0,"Solar, PV"
PHL,2024,347400000.0,"Solar, PV"
PHL,2024,48000000.0,"Solar, PV"
PHL,2024,137840000.0,Wind
PHL,2024,3389000000.0,"Solar, PV, N/A"
SLB,2012,,Wind
SLB,2012,,Geothermal
SLB,2019,233370000.0,"Hydro, Small (<50MW)"
THA,2010,156151000.0,Natural Gas
THA,2010,310000000.0,Natural Gas
THA,2010,,Biomass
THA,2010,133000000.0,Natural Gas
THA,2010,250000000.0,"Solar, PV"
THA,2010,51210000.0,"Solar, PV"
THA,2010,155000000.0,Wind
THA,2011,190000000.0,Wind
THA,2011,27000000.0,"Solar, PV"
THA,2011,1185000000.0,Natural Gas
THA,2011,142500000.0,"Solar, PV"
THA,2011,28600000.0,"Solar, PV"
THA,2011,20600000.0,"Solar, PV"
THA,2011,21800000.0,"Solar, PV"
THA,2011,28800000.0,"Solar, PV"
THA,2011,55200000.0,"Solar, PV"
THA,2012,,"Solar, PV"
THA,2012,27800000.0,"Solar, PV"
THA,2012,52700000.0,"Solar, PV"
THA,2012,,Wind
THA,2012,54600000.0,"Solar, PV"
THA,2012,1280000000.0,Natural Gas
THA,2012,,Wind
THA,2012,39200000.0,"Solar, PV"
THA,2012,118000000.0,Biomass
THA,2012,6200000.0,Natural Gas
THA,2012,,Wind
THA,2012,18600000.0,"Solar, PV"
THA,2012,20200000.0,Biomass
THA,2012,25200000.0,Biomass
THA,2012,26100000.0,"Solar, PV"
THA,2012,,"Solar, PV"
THA,2012,,"Solar, PV"
THA,2012,92000000.0,"Solar, PV"
THA,2012,72000000.0,"Solar, CSP"
THA,2012,17000000.0,Biomass
THA,2012,229300000.0,"Solar, PV"
THA,2013,184000000.0,Natural Gas
THA,2013,171000000.0,Natural Gas
THA,2013,26140000.0,"Solar, PV"
THA,2013,26170000.0,"Solar, PV"
THA,2013,15890000.0,"Solar, PV"
THA,2013,27250000.0,"Solar, PV"
THA,2013,87000000.0,"Solar, PV"
THA,2013,15420000.0,"Solar, PV"
THA,2013,15900000.0,"Solar, PV"
THA,2013,15800000.0,"Solar, PV"
THA,2013,15810000.0,"Solar, PV"
THA,2013,15810000.0,"Solar, PV"
THA,2014,189000000.0,Natural Gas
THA,2014,199210000.0,"Solar, PV"
THA,2014,2201000000.0,Natural Gas
THA,2014,822000000.0,Natural Gas
THA,2014,822000000.0,Natural Gas
THA,2014,111820000.0,"Solar, PV"
THA,2015,139600000.0,"Solar, PV"
THA,2015,46650000.0,"Solar, PV"
THA,2015,165900000.0,Wind
THA,2015,179580000.0,"Solar, PV"
THA,2015,285070000.0,Wind
THA,2015,89200000.0,Wind
THA,2015,105540000.0,Coal
THA,2015,149400000.0,Natural Gas
THA,2015,83700000.0,"Natural Gas, Steam"
THA,2015,40500000.0,"Solar, PV"
THA,2015,12635000.0,"Solar, PV"
THA,2015,353600000.0,Wind
THA,2016,236000000.0,Natural Gas
THA,2016,34480000.0,"Solar, PV"
THA,2016,162800000.0,Wind
THA,2017,117500000.0,Natural Gas
THA,2017,59000000.0,Waste
THA,2017,89000000.0,Wind
THA,2017,30170000.0,Biomass
THA,2017,36600000.0,Waste
THA,2017,1135300000.0,Wind
THA,2018,85810000.0,Biomass
THA,2018,1534400000.0,Natural Gas
THA,2018,85810000.0,Biomass
THA,2019,1653340000.0,Natural Gas
THA,2020,42000000.0,"Solar, PV"
THA,2020,25560000.0,Waste
THA,2020,135740000.0,Natural Gas
THA,2020,51500000.0,"Solar, PV"
THA,2022,99570000.0,Natural Gas
THA,2022,694940000.0,Natural Gas
THA,2024,899350000.0,"Solar, PV, N/A"
THA,2024,899350000.0,"Solar, PV, N/A"
TON,2011,6400000.0,"Solar, PV"
VNM,2010,29000000.0,"Hydro, Small (<50MW)"
VNM,2010,57000000.0,Wind
VNM,2010,82000000.0,"Hydro, Small (<50MW)"
VNM,2010,41600000.0,"Hydro, Small (<50MW)"
VNM,2010,,"Hydro, Large (>50MW)"
VNM,2010,71200000.0,"Hydro, Large (>50MW)"
VNM,2010,22400000.0,"Hydro, Small (<50MW)"
VNM,2010,8900000.0,"Hydro, Small (<50MW)"
VNM,2010,6250000.0,"Hydro, Small (<50MW)"
VNM,2010,20400000.0,Not Applicable
VNM,2010,72500000.0,"Hydro, Large (>50MW)"
VNM,2010,53500000.0,"Hydro, Small (<50MW)"
VNM,2010,76800000.0,"Hydro, Large (>50MW)"
VNM,2010,30500000.0,"Hydro, Small (<50MW)"
VNM,2010,18400000.0,"Hydro, Small (<50MW)"
VNM,2010,33500000.0,"Hydro, Small (<50MW)"
VNM,2010,20800000.0,"Hydro, Small (<50MW)"
VNM,2010,267100000.00000003,"Hydro, Large (>50MW)"
VNM,2010,31200000.0,"Hydro, Small (<50MW)"
VNM,2011,168000000.0,Coal
VNM,2011,115000000.0,"Hydro, Large (>50MW)"
VNM,2011,2400000.0,"Hydro, Small (<50MW)"
VNM,2011,1950000000.0,Coal
VNM,2011,35000000.0,"Hydro, Small (<50MW)"
VNM,2011,25100000.0,"Hydro, Small (<50MW)"
VNM,2011,57970000.0,"Hydro, Small (<50MW)"
VNM,2011,23100000.0,"Hydro, Small (<50MW)"
VNM,2011,64000000.0,"Hydro, Small (<50MW)"
VNM,2011,76200000.0,"Hydro, Small (<50MW)"
VNM,2011,23600000.0,"Hydro, Small (<50MW)"
VNM,2011,161600000.0,"Hydro, Large (>50MW)"
VNM,2011,69800000.0,"Hydro, Small (<50MW)"
VNM,2012,,Wind
VNM,2012,24600000.0,"Hydro, Small (<50MW)"
VNM,2012,14700000.0,"Hydro, Small (<50MW)"
VNM,2012,10500000.0,"Hydro, Small (<50MW)"
VNM,2012,3600000.0,"Hydro, Small (<50MW)"
VNM,2012,17700000.0,"Hydro, Small (<50MW)"
VNM,2012,5000000.0,"Hydro, Small (<50MW)"
VNM,2012,120200000.0,"Hydro, Large (>50MW)"
VNM,2012,17200000.0,"Hydro, Small (<50MW)"
VNM,2012,12800000.0,"Hydro, Small (<50MW)"
VNM,2012,59000000.0,Not Applicable
VNM,2012,,Wind
VNM,2012,32200000.000000004,"Hydro, Small (<50MW)"
VNM,2014,50000000.0,"Hydro, Small (<50MW)"
VNM,2014,1740000000.0,Coal
VNM,2016,200000000.0,"Hydro, Large (>50MW)"
VNM,2017,2400000000.0,Coal
VNM,2018,390000000.0,Wind
VNM,2018,50800000.0,"Solar, PV"
VNM,2018,63700000.0,"Solar, PV, Wind"
VNM,2018,60000000.0,Wind
VNM,2018,397400000.0,"Solar, PV"
VNM,2018,68300000.0,Wind
VNM,2018,1869000000.0,Coal
VNM,2018,45000000.0,Wind
VNM,2018,237000000.0,Wind
VNM,2018,35200000.0,"Solar, PV"
VNM,2018,237000000.0,"Solar, PV"
VNM,2018,,"Solar, PV"
VNM,2018,192300000.0,"Solar, PV"
VNM,2019,56000000.0,Wind
VNM,2019,,Wind
VNM,2019,92000000.0,Wind
VNM,2019,69160000.0,Wind
VNM,2019,69160000.0,Wind
VNM,2019,69160000.0,Wind
VNM,2019,150000000.0,"Solar, PV"
VNM,2019,2675000000.0,Coal
VNM,2020,30650000.0,Wind
VNM,2020,37800000.0,"Solar, PV"
VNM,2020,71200000.0,Wind
VNM,2020,144630000.0,Wind
VNM,2020,229110000.0,Wind
VNM,2020,139000000.0,Wind
VNM,2020,345000000.0,Wind
VNM,2020,86000000.0,Wind
VNM,2020,265269999.99999997,"Solar, PV"
VNM,2020,186000000.0,"Solar, PV"
VNM,2020,384600000.0,Wind
VNM,2020,58430000.0,Wind
VNM,2020,45000000.0,Wind
VNM,2020,71000000.0,Wind
VNM,2020,593220000.0,"Solar, PV"
VNM,2021,74000000.0,Waste
VNM,2021,220000000.0,Wind
VNM,2021,251740000.0,
VNM,2021,42000000.0,Wind
VNM,2021,70000000.0,Wind
VNM,2021,100000000.0,"Hydro, Large (>50MW)"
VNM,2021,160000000.0,Wind
VNM,2021,42000000.0,Wind
VNM,2021,49600000.0,"Solar, PV"
VNM,2021,127060000.0,Wind
VNM,2021,99000000.0,Wind
VNM,2021,2293000000.0,Coal
VNM,2022,18500000.0,"Hydro, Small (<50MW)"
VNM,2022,2361660000.0,Natural Gas
VNM,2022,107000000.0,"Solar, PV"
VNM,2023,72000000.0,Wind
VNM,2023,45000000.0,"Solar, PV"
VNM,2024,1400000000.0,Natural Gas
VNM,2024,120000000.0,Biomass
VNM,2024,120000000.0,Biomass
ALB,2011,4160000.0,"Hydro, Small (<50MW)"
ALB,2012,10100000.0,"Hydro, Small (<50MW)"
ALB,2012,1370000000.0,"Hydro, Large (>50MW)"
ALB,2012,10600000.0,"Hydro, Small (<50MW)"
ALB,2012,1800000.0,"Hydro, Small (<50MW)"
ALB,2012,19400000.0,"Hydro, Small (<50MW)"
ALB,2012,7700000.0,"Hydro, Small (<50MW)"
ALB,2012,9000000.0,"Hydro, Small (<50MW)"
ALB,2012,75800000.0,"Hydro, Small (<50MW)"
ALB,2013,19400000.0,"Hydro, Small (<50MW)"
ALB,2014,177300000.0,"Hydro, Small (<50MW)"
ALB,2023,39400000.0,"Solar, PV"
ALB,2023,147930000.0,"Solar, PV"
ARM,2015,250000000.0,"Hydro, Large (>50MW)"
ARM,2019,321400000.0,Natural Gas
ARM,2021,53010000.0,"Solar, PV"
ARM,2022,37000000.0,"Solar, PV"
ARM,2023,26000000.0,Natural Gas
AZE,2021,200000000.0,"Solar, PV"
AZE,2022,250000000.0,"Solar, PV"
AZE,2023,348000000.0,Wind
AZE,2024,358000000.0,Wind
AZE,2024,383000000.0,"Solar, PV"
AZE,2024,283000000.0,"Solar, PV"
BLR,2019,11300000.0,Biogas
BIH,2012,661900000.0,Coal
BIH,2019,59950000.0,Other
BIH,2020,78780000.0,Wind
BIH,2022,9480000.0,"Solar, PV"
BIH,2022,,"Solar, PV"
BIH,2023,485750000.0,"Solar, PV"
BGR,2010,16200000.0,"Solar, PV"
BGR,2010,7000000.0,"Solar, PV"
BGR,2010,143640000.0,Wind
BGR,2011,62400000.0,"Solar, PV"
BGR,2011,248100000.0,"Solar, PV"
BGR,2011,7100000.0,"Solar, PV"
BGR,2011,4000000.0,"Solar, PV"
BGR,2011,10000000.0,"Solar, PV"
BGR,2011,34600000.0,"Hydro, Small (<50MW)"
BGR,2011,203490000.0,"Solar, PV"
BGR,2012,47880000.0,Wind
BGR,2012,13000000.0,"Solar, PV"
BGR,2012,133000000.0,Wind
BGR,2012,11700000.0,"Solar, PV"
BGR,2012,7100000.0,"Solar, PV"
BGR,2012,19500000.0,"Solar, PV"
BGR,2012,7800000.0,"Solar, PV"
BGR,2012,37400000.0,"Solar, PV"
BGR,2012,235800000.0,"Solar, PV"
BGR,2012,37500000.0,"Solar, PV"
BGR,2012,,"Solar, PV"
BGR,2012,,"Solar, PV"
BGR,2013,165000000.0,Wind
BGR,2019,11590000.0,"Solar, PV"
BGR,2022,106390000.0,"Solar, PV"
BGR,2023,54660000.0,"Solar, PV"
BGR,2023,105000000.0,"Solar, PV"
BGR,2023,133479999.99999999,"Solar, PV"
BGR,2024,98080000.0,"Solar, PV"
BGR,2024,166620000.0,"Solar, PV"
BGR,2024,26860000.0,"Solar, PV"
GEO,2011,156500000.0,"Hydro, Large (>50MW)"
GEO,2011,156500000.0,"Hydro, Large (>50MW)"
GEO,2011,104000000.0,"Hydro, Large (>50MW)"
GEO,2015,417000000.0,"Hydro, Large (>50MW)"
GEO,2017,65000000.0,"Hydro, Large (>50MW)"
GEO,2019,14400000.0,Wind
GEO,2024,230000000.0,Wind
GEO,2024,2530000.0,"Hydro, Small (<50MW)"
GEO,2024,2690000.0,"Hydro, Small (<50MW)"
KAZ,2018,52400000.0,"Solar, PV"
KAZ,2019,75000000.0,"Solar, PV"
KAZ,2019,118000000.0,"Solar, PV"
KAZ,2019,33800000.0,"Solar, PV"
KAZ,2019,158100000.0,"Solar, PV"
KAZ,2019,10000000.0,"Solar, PV"
KAZ,2019,136200000.0,Wind
KAZ,2019,22500000.0,"Solar, PV"
KAZ,2020,61000000.0,"Solar, PV"
KAZ,2020,64480000.00000001,"Solar, PV"
KAZ,2020,140000000.0,Wind
KAZ,2021,27900000.0,"Solar, PV"
KAZ,2023,66530000.0,Wind
KAZ,2023,128000000.0,"Solar, PV"
KAZ,2024,240000000.0,Coal
XKX,2012,62100000.0,"Hydro, Small (<50MW)"
XKX,2012,424100000.0,Not Applicable
XKX,2019,128600000.0,Wind
XKX,2019,83130000.0,Wind
KGZ,2014,40000000.0,Not Applicable
KGZ,2023,117990000.0,"Hydro, Large (>50MW)"
KGZ,2024,7800000.0,"Hydro, Small (<50MW)"
KGZ,2024,210000000.0,"Solar, PV"
MNE,2015,154600000.0,Wind
MNE,2018,99750000.0,Wind
MKD,2013,14200000.0,"Hydro, Small (<50MW)"
MKD,2016,12030000.0,Biogas
MKD,2021,73840000.0,Wind
MKD,2021,1200000.0,"Solar, PV"
RUS,2010,5187000000.0,Not Applicable
RUS,2010,4795000000.0,Not Applicable
RUS,2011,,Not Applicable
RUS,2012,13000000.0,Biogas
RUS,2012,30000000.0,Biogas
RUS,2012,7677000.0,Biomass
RUS,2014,262000000.0,"Hydro, Large (>50MW)"
RUS,2015,94000000.0,Biomass
RUS,2015,94000000.0,Biomass
RUS,2015,94000000.0,Biomass
RUS,2016,48900000.0,"Solar, PV"
RUS,2016,158110000.0,"Solar, PV"
RUS,2017,8400000.0,"Solar, PV"
RUS,2017,25300000.0,"Solar, PV"
RUS,2017,127300000.0,"Solar, PV"
RUS,2018,145000000.0,Wind
RUS,2018,23700000.0,"Solar, PV"
RUS,2018,20000000.0,"Solar, PV"
RUS,2018,76850000.0,"Solar, PV"
RUS,2018,120000000.0,"Solar, PV"
RUS,2018,101870000.0,"Solar, PV"
RUS,2019,,Wind
RUS,2019,342040000.0,Wind
RUS,2019,44100000.0,"Solar, PV"
RUS,2019,163430000.0,"Solar, PV"
RUS,2019,102740000.0,Wind
RUS,2020,6120000.0,"Solar, PV"
RUS,2020,66000000.0,"Solar, PV"
RUS,2020,117000000.0,Wind
RUS,2020,179000000.0,Natural Gas
RUS,2020,111330000.0,Wind
RUS,2020,7500000.0,"Solar, PV"
RUS,2021,45000000.0,Wind
RUS,2021,8000000.0,"Solar, PV"
RUS,2021,32530000.0,"Solar, PV"
RUS,2021,1900000.0,"Solar, PV"
RUS,2021,13590000.0,"Solar, PV"
SRB,2012,7200000.0,Biogas
SRB,2012,4200000.0,"Hydro, Small (<50MW)"
SRB,2014,4000000.0,Waste
SRB,2014,558600000.0,Wind
SRB,2017,100000000.0,Wind
SRB,2017,354000000.0,Wind
SRB,2017,138800000.0,Wind
SRB,2017,225200000.0,Wind
SRB,2022,18460000.0,Wind
SRB,2023,168850000.0,Wind
SRB,2024,236640000.0,Wind
SRB,2024,24040000.0,"Solar, PV"
SRB,2024,156110000.0,Wind
TUR,2010,63400000.0,"Hydro, Small (<50MW)"
TUR,2010,57000000.0,"Hydro, Small (<50MW)"
TUR,2010,183000000.0,"Hydro, Small (<50MW)"
TUR,2010,119000000.0,"Hydro, Large (>50MW)"
TUR,2010,338000000.0,"Hydro, Large (>50MW)"
TUR,2010,1214000000.0,"Hydro, Large (>50MW)"
TUR,2010,58520000.0,"Hydro, Small (<50MW)"
TUR,2010,258500000.0,Not Applicable
TUR,2010,74600000.0,Wind
TUR,2010,227000000.0,Not Applicable
TUR,2010,65000000.0,"Hydro, Small (<50MW)"
TUR,2010,58060000.0,Wind
TUR,2010,79600000.0,"Hydro, Large (>50MW)"
TUR,2010,90000000.0,Wind
TUR,2010,230250000.0,Not Applicable
TUR,2010,99000000.0,Wind
TUR,2010,485000000.0,Not Applicable
TUR,2010,35600000.0,Wind
TUR,2010,940000000.0,Not Applicable
TUR,2010,80000000.0,"Hydro, Large (>50MW)"
TUR,2010,441500000.0,Not Applicable
TUR,2011,,Wind
TUR,2011,5060000.0,"Hydro, Small (<50MW)"
TUR,2011,1170000000.0,Not Applicable
TUR,2011,45000000.0,"Hydro, Small (<50MW)"
TUR,2011,314160000.0,Coal
TUR,2011,89100000.0,Wind
TUR,2011,66500000.0,Wind
TUR,2011,7400000.0,"Hydro, Small (<50MW)"
TUR,2011,40800000.0,"Hydro, Small (<50MW)"
TUR,2011,16970000.0,"Hydro, Small (<50MW)"
TUR,2011,52000000.0,Wind
TUR,2011,300000000.0,"Hydro, Large (>50MW)"
TUR,2011,7020000.0,"Hydro, Small (<50MW)"
TUR,2011,725000000.0,Natural Gas
TUR,2011,147000000.0,Wind
TUR,2011,18200000.0,Wind
TUR,2011,651000000.0,Natural Gas
TUR,2011,47000000.0,Wind
TUR,2011,259000000.0,"Hydro, Large (>50MW)"
TUR,2011,110000000.0,"Hydro, Large (>50MW)"
TUR,2011,65500000.0,"Hydro, Small (<50MW)"
TUR,2011,103500000.0,Wind
TUR,2011,1080000000.0,Natural Gas
TUR,2011,156500000.0,"Hydro, Large (>50MW)"
TUR,2011,90000000.0,Wind
TUR,2011,66500000.0,Wind
TUR,2011,13800000.0,"Hydro, Small (<50MW)"
TUR,2011,6600000.0,"Hydro, Small (<50MW)"
TUR,2011,300000000.0,"Hydro, Large (>50MW)"
TUR,2011,48100000.0,Wind
TUR,2011,75000000.0,Wind
TUR,2011,48100000.0,Wind
TUR,2011,97000000.0,Wind
TUR,2011,220000000.0,"Hydro, Large (>50MW)"
TUR,2011,400000000.0,"Hydro, Large (>50MW)"
TUR,2011,351000000.0,Natural Gas
TUR,2011,2760000.0,"Hydro, Small (<50MW)"
TUR,2011,49200000.0,Wind
TUR,2012,11800000.0,"Hydro, Small (<50MW)"
TUR,2012,,"Hydro, Small (<50MW)"
TUR,2012,,Wind
TUR,2012,99100000.0,"Hydro, Small (<50MW)"
TUR,2012,30750000.0,Wind
TUR,2012,,"Hydro, Small (<50MW)"
TUR,2012,,"Hydro, Large (>50MW)"
TUR,2012,92000000.0,Wind
TUR,2012,257000000.0,Wind
TUR,2012,299000000.0,Wind
TUR,2012,151300000.0,"Hydro, Large (>50MW)"
TUR,2012,1350000000.0,Coal
TUR,2012,31200000.0,Wind
TUR,2012,,"Hydro, Small (<50MW)"
TUR,2012,,"Hydro, Large (>50MW)"
TUR,2012,,Wind
TUR,2012,,"Hydro, Large (>50MW)"
TUR,2012,227000000.0,Wind
TUR,2012,33600000.0,"Hydro, Small (<50MW)"
TUR,2012,341000000.0,"Hydro, Large (>50MW)"
TUR,2013,19500000.0,Wind
TUR,2013,546000000.0,Not Applicable
TUR,2013,12500000.0,"Hydro, Small (<50MW)"
TUR,2013,24000000.0,Wind
TUR,2013,24000000.0,Wind
TUR,2013,128500000.0,Not Applicable
TUR,2013,12400000.0,Wind
TUR,2013,1960000000.0,Not Applicable
TUR,2013,387000000.0,Not Applicable
TUR,2013,120000000.0,Wind
TUR,2013,127200000.0,Wind
TUR,2013,900000000.0,Natural Gas
TUR,2013,1231000000.0,Not Applicable
TUR,2013,710000000.0,Natural Gas
TUR,2013,1223000000.0,Not Applicable
TUR,2013,985000000.0,Coal
TUR,2013,2248000000.0,Coal
TUR,2013,1725000000.0,Not Applicable
TUR,2013,118000000.0,Not Applicable
TUR,2013,1050000000.0,Coal
TUR,2014,123000000.0,Wind
TUR,2014,1000000000.0,Natural Gas
TUR,2014,100000000.0,Wind
TUR,2014,525000000.0,Wind
TUR,2014,350000000.0,Coal
TUR,2014,2300000.0,"Hydro, Small (<50MW)"
TUR,2014,1850000.0,"Hydro, Small (<50MW)"
TUR,2014,65000000.0,Wind
TUR,2014,10300000.0,"Hydro, Small (<50MW)"
TUR,2014,7576000000.0,Coal
TUR,2014,61000000.0,Wind
TUR,2014,168000000.0,Wind
TUR,2014,1090000000.0,Coal
TUR,2014,,Wind
TUR,2015,43500000.0,Wind
TUR,2015,940000000.0,Geothermal
TUR,2015,594570000.0,Natural Gas
TUR,2015,,"Hydro, Large (>50MW)"
TUR,2016,20000000.0,"Solar, PV"
TUR,2016,251900000.0,"Hydro, Large (>50MW)"
TUR,2016,625000000.0,"Hydro, Large (>50MW)"
TUR,2016,52500000.0,Wind
TUR,2016,76500000.0,
TUR,2016,40000000.0,Biomass
TUR,2016,,Wind
TUR,2016,929000000.0,"Hydro, Large (>50MW)"
TUR,2016,195200000.0,"Hydro, Large (>50MW)"
TUR,2016,23500000.0,"Solar, PV"
TUR,2016,22600000.0,"Hydro, Small (<50MW)"
TUR,2016,16700000.0,Wind
TUR,2016,401000000.0,"Hydro, Large (>50MW)"
TUR,2016,17800000.0,Wind
TUR,2016,9300000.0,Wind
TUR,2016,155000000.0,Wind
TUR,2016,,Wind
TUR,2017,45600000.0,Wind
TUR,2017,400000000.0,"Hydro, Large (>50MW)"
TUR,2017,50000000.0,Geothermal
TUR,2017,88600000.0,
TUR,2017,8900000.0,"Solar, PV"
TUR,2017,189000000.0,Geothermal
TUR,2017,15000000.0,Biogas
TUR,2018,370000000.0,Wind
TUR,2018,12210000.0,Wind
TUR,2018,15000000.0,Wind
TUR,2018,210300000.0,Geothermal
TUR,2018,350000000.0,Not Applicable
TUR,2019,300950000.0,"Hydro, Large (>50MW)"
TUR,2019,12000000.0,Wind
TUR,2019,350000000.0,Geothermal
TUR,2019,65000000.0,Wind
TUR,2019,55000000.0,Wind
TUR,2020,11800000.0,Wind
TUR,2020,14500000.0,Wind
TUR,2020,45150000.0,"Solar, PV"
TUR,2020,11250000.0,Biogas
TUR,2020,11250000.0,Biogas
TUR,2020,74000000.0,Wind
TUR,2020,183650000.0,Wind
TUR,2020,57370000.0,"Solar, PV"
TUR,2021,1110000000.0,"Solar, PV"
TUR,2021,24000000.0,Waste
TUR,2022,102000000.0,Wind
TUR,2022,400000000.0,Not Applicable
TUR,2023,86340000.0,Biomass
TUR,2023,110000000.0,Wind
TUR,2023,39480000.0,Wind
TUR,2023,198000000.0,Not Applicable
TUR,2024,152300000.0,Wind
TUR,2024,1012000000.0,Wind
TUR,2024,42000000.0,"Solar, PV"
TUR,2024,30000000.0,Wind
TUR,2024,24040000.0,"Solar, PV"
TUR,2024,145000000.0,"Solar, PV"
TUR,2024,271910000.0,"Solar, PV"
TUR,2024,29840000.0,Wind
UKR,2010,,Not Applicable
UKR,2010,74400000.0,Natural Gas
UKR,2010,,Natural Gas
UKR,2010,,Not Applicable
UKR,2010,,Coal
UKR,2010,237200000.0,Coal
UKR,2011,200000000.0,"Solar, PV"
UKR,2011,411800000.0,"Solar, PV"
UKR,2011,25000000.0,"Solar, PV"
UKR,2011,118400000.0,Wind
UKR,2011,5400000.0,"Solar, PV"
UKR,2012,168000000.0,"Solar, PV"
UKR,2012,,"Solar, PV"
UKR,2012,123000000.0,"Solar, PV"
UKR,2012,,"Solar, PV"
UKR,2012,167500000.0,"Solar, PV"
UKR,2012,,"Solar, PV"
UKR,2012,1000000.0,Not Applicable
UKR,2012,7700000.0,Not Applicable
UKR,2012,458000000.0,Wind
UKR,2012,4099999.9999999995,Not Applicable
UKR,2012,6300000.0,Not Applicable
UKR,2012,10500000.0,Not Applicable
UKR,2012,,Not Applicable
UKR,2012,16200000.0,Wind
UKR,2012,,"Solar, PV"
UKR,2012,7500000.0,"Solar, PV"
UKR,2012,600000.0,Not Applicable
UKR,2012,,Not Applicable
UKR,2012,3100000.0,Not Applicable
UKR,2012,2100000.0,Not Applicable
UKR,2012,2400000.0,Not Applicable
UKR,2017,16500000.0,"Solar, PV"
UKR,2017,8000000.0,"Solar, PV"
UKR,2018,18000000.0,"Solar, CPV"
UKR,2018,63830000.0,"Solar, PV"
UKR,2018,40860000.0,"Solar, PV"
UKR,2018,59100000.0,"Solar, PV"
UKR,2018,282000000.0,"Solar, PV"
UKR,2018,56620000.0,Wind
UKR,2018,104810000.0,Wind
UKR,2018,13000000.0,"Solar, PV"
UKR,2018,1200000.0,"Solar, PV"
UKR,2018,29800000.0,"Solar, PV"
UKR,2019,13850000.0,"Solar, PV"
UKR,2019,60600000.0,"Solar, PV"
UKR,2019,60240000.0,"Solar, PV"
UKR,2019,20350000.0,"Solar, PV"
UKR,2019,61610000.0,"Solar, PV"
UKR,2019,11290000.0,"Solar, PV"
UKR,2019,,Wind
UKR,2019,167650000.0,Wind
UKR,2019,139000000.0,"Solar, CPV"
UKR,2019,9820000.0,"Solar, PV"
UKR,2019,428450000.0,Wind
UKR,2019,376000000.0,"Solar, PV"
UKR,2020,15000000.0,"Solar, PV"
UKR,2021,1451000000.0,Wind
UZB,2019,12000000.0,"Solar, PV"
UZB,2020,120000000.0,"Solar, PV"
UZB,2021,1002000000.0,Natural Gas
UZB,2022,690000000.0,Wind
UZB,2022,662000000.0,Wind
UZB,2022,593400000.0,Wind
UZB,2023,400000000.0,"Solar, PV"
UZB,2023,315700000.0,"Solar, PV"
UZB,2023,194740000.0,"Solar, PV"
UZB,2023,118100000.0,Wind
UZB,2023,194200000.0,"Solar, PV"
UZB,2023,389200000.0,"Solar, PV"
UZB,2023,1082000000.0,Natural Gas
UZB,2024,533000000.0,"Solar, PV, N/A"
UZB,2024,65000000.0,Wind
UZB,2024,280000000.0,"Solar, PV, N/A"
UZB,2024,34200000.0,Wind
UZB,2024,35370000.0,"Solar, PV, N/A"
UZB,2024,118000000.0,Wind
UZB,2024,46000000.0,
UZB,2024,89000000.0,"Solar, PV"
ARG,2011,8800000.0,"Solar, PV"
ARG,2011,10000000.0,"Solar, PV"
ARG,2011,157000000.0,Wind
ARG,2012,10000000.0,"Solar, PV"
ARG,2012,81000000.0,Wind
ARG,2012,138000000.0,Wind
ARG,2012,261000000.0,Wind
ARG,2012,103000000.0,Wind
ARG,2013,211000000.0,Biogas
ARG,2013,778000000.0,Wind
ARG,2013,50000000.0,Biomass
ARG,2015,120000000.0,Biomass
ARG,2017,100000000.0,Natural Gas
ARG,2017,60000000.0,Biomass
ARG,2017,175000000.0,Wind
ARG,2017,50000000.0,"Solar, PV"
ARG,2017,60000000.0,Biomass
ARG,2017,152600000.0,Wind
ARG,2017,40000000.0,"Solar, PV"
ARG,2017,175000000.0,Natural Gas
ARG,2017,500000000.0,Natural Gas
ARG,2017,313500000.0,Natural Gas
ARG,2017,200000000.0,Wind
ARG,2018,80000000.0,Wind
ARG,2018,225000000.0,"Natural Gas, Steam"
ARG,2018,7000000.0,Waste
ARG,2018,75000000.0,"Solar, PV"
ARG,2018,49000000.0,Wind
ARG,2018,60150000.0,"Solar, PV"
ARG,2018,18000000.0,Waste
ARG,2018,2000000.0,Biogas
ARG,2018,103000000.0,"Solar, PV"
ARG,2018,40000000.0,Wind
ARG,2018,49000000.0,Biomass
ARG,2018,108000000.0,Wind
ARG,2018,13000000.0,Biomass
ARG,2018,188800000.0,Wind
ARG,2018,12000000.0,Biomass
ARG,2018,43200000.0,Biomass
ARG,2018,9000000.0,Biogas
ARG,2018,69670000.0,Wind
ARG,2019,234000000.0,"Solar, PV"
ARG,2019,165000000.0,Natural Gas
ARG,2019,175000000.0,Wind
ARG,2019,124000000.0,Wind
ARG,2019,475000000.0,Wind
ARG,2019,144000000.0,Wind
ARG,2019,138000000.0,Wind
ARG,2019,62000000.0,Wind
ARG,2019,200000000.0,Wind
ARG,2019,172400000.0,Wind
ARG,2019,171000000.0,Wind
ARG,2020,160000000.0,Wind
ARG,2022,171000000.0,Wind
ARG,2022,90000000.0,Wind
ARG,2022,120000000.0,Wind
ARG,2022,135000000.0,Steam
ARG,2023,260000000.0,Wind
ARG,2023,80000000.0,"Solar, PV"
ARG,2023,120000000.0,"Solar, PV"
ARG,2023,260000000.0,"Solar, PV, Wind"
ARG,2024,33000000.0,Wind
BRA,2010,255700000.0,Biomass
BRA,2010,114700000.0,Not Applicable
BRA,2010,226400000.0,Not Applicable
BRA,2010,,Biomass
BRA,2010,,Biomass
BRA,2010,42400000.0,Biomass
BRA,2010,356700000.0,Waste
BRA,2010,,"Hydro, Small (<50MW)"
BRA,2010,,"Hydro, Small (<50MW)"
BRA,2010,68100000.0,"Hydro, Small (<50MW)"
BRA,2010,67900000.0,Waste
BRA,2010,655000000.0,Not Applicable
BRA,2010,291100000.0,Not Applicable
BRA,2010,119100000.0,Not Applicable
BRA,2010,20100000.0,Not Applicable
BRA,2010,196700000.0,Natural Gas
BRA,2010,1109000000.0,Not Applicable
BRA,2010,6900000.0,"Hydro, Small (<50MW)"
BRA,2010,6100000.0,"Solar, PV"
BRA,2010,29000000.0,Not Applicable
BRA,2010,5700000.0,"Hydro, Small (<50MW)"
BRA,2010,83000000.0,Wind
BRA,2010,35000000.0,"Hydro, Small (<50MW)"
BRA,2010,455600000.0,Wind
BRA,2010,101000000.0,Biomass
BRA,2011,63000000.0,"Hydro, Small (<50MW)"
BRA,2011,53000000.0,Wind
BRA,2011,120000000.0,Wind
BRA,2011,70500000.0,Biomass
BRA,2011,112000000.0,Natural Gas
BRA,2011,180200000.0,Not Applicable
BRA,2011,11900000.0,"Hydro, Small (<50MW)"
BRA,2011,440500000.0,Wind
BRA,2011,80000000.0,"Hydro, Small (<50MW)"
BRA,2011,56100000.0,Biomass
BRA,2011,621500000.0,Wind
BRA,2011,54500000.0,Wind
BRA,2011,246700000.0,Wind
BRA,2011,45000000.0,Biomass
BRA,2011,63200000.0,"Hydro, Small (<50MW)"
BRA,2011,,Not Applicable
BRA,2011,431200000.0,Wind
BRA,2011,485000000.0,Wind
BRA,2011,528400000.0,Natural Gas
BRA,2011,246000000.0,Wind
BRA,2011,215600000.0,Wind
BRA,2011,45500000.0,Biomass
BRA,2011,13400000.0,Wind
BRA,2011,529000000.0,Biomass
BRA,2011,288300000.0,Natural Gas
BRA,2011,110000000.0,"Hydro, Small (<50MW)"
BRA,2011,190000000.0,Not Applicable
BRA,2011,177300000.0,Not Applicable
BRA,2011,796600000.0,Not Applicable
BRA,2011,93800000.0,Natural Gas
BRA,2011,250600000.0,Biomass
BRA,2011,919100000.0,Not Applicable
BRA,2011,162300000.0,Diesel
BRA,2011,1634300000.0,Natural Gas
BRA,2011,81800000.0,"Hydro, Small (<50MW)"
BRA,2011,290400000.0,Wind
BRA,2011,695600000.0,Wind
BRA,2011,236000000.0,Biomass
BRA,2011,102500000.0,"Hydro, Small (<50MW)"
BRA,2011,125000000.0,Biomass
BRA,2011,64000000.0,Biomass
BRA,2011,90000000.0,Not Applicable
BRA,2011,444000000.0,Wind
BRA,2011,46000000.0,Not Applicable
BRA,2011,125300000.0,Not Applicable
BRA,2011,62800000.0,Biomass
BRA,2011,106000000.0,Wind
BRA,2012,466000000.0,"Hydro, Large (>50MW)"
BRA,2012,35100000.0,Not Applicable
BRA,2012,62500000.0,Wind
BRA,2012,14800000000.0,"Hydro, Large (>50MW)"
BRA,2012,79800000.0,Biomass
BRA,2012,378200000.0,"Wind, Not Applicable"
BRA,2012,182300000.0,Wind
BRA,2012,14800000.0,"Hydro, Small (<50MW)"
BRA,2012,184900000.0,Biomass
BRA,2012,152300000.0,Wind
BRA,2012,92000000.0,Wind
BRA,2012,44600000.0,Not Applicable
BRA,2012,43100000.0,Not Applicable
BRA,2012,182300000.0,Wind
BRA,2012,364600000.0,Wind
BRA,2012,44600000.0,Not Applicable
BRA,2012,421600000.0,Wind
BRA,2012,428100000.0,"Hydro, Large (>50MW)"
BRA,2012,180600000.0,Not Applicable
BRA,2012,137700000.0,"Hydro, Small (<50MW)"
BRA,2012,1793000000.0,Not Applicable
BRA,2012,124900000.0,"Hydro, Small (<50MW)"
BRA,2012,179100000.0,Biomass
BRA,2012,137200000.0,Not Applicable
BRA,2012,306800000.0,Natural Gas
BRA,2012,143800000.0,Not Applicable
BRA,2012,44530000.0,Biomass
BRA,2012,6200000.0,Biomass
BRA,2012,7000000.0,"Hydro, Small (<50MW)"
BRA,2012,878400000.0,Wind
BRA,2012,,"Hydro, Small (<50MW)"
BRA,2012,25300000.0,"Hydro, Small (<50MW)"
BRA,2012,58300000.0,"Hydro, Small (<50MW)"
BRA,2012,208600000.0,Wind
BRA,2012,512299999.99999994,"Hydro, Large (>50MW)"
BRA,2012,265000000.0,Biomass
BRA,2012,24100000.0,"Hydro, Small (<50MW)"
BRA,2012,1896000000.0,"Hydro, Large (>50MW)"
BRA,2012,265000000.0,Wind
BRA,2012,35900000.0,"Hydro, Small (<50MW)"
BRA,2013,147100000.0,Wind
BRA,2013,228000000.0,Wind
BRA,2013,20500000.0,Not Applicable
BRA,2013,102000000.0,Wind
BRA,2013,32900000.0,Biomass
BRA,2013,143200000.0,Biomass
BRA,2013,42000000.0,Biomass
BRA,2013,91600000.0,Not Applicable
BRA,2013,9900000.0,Not Applicable
BRA,2013,127400000.0,"Hydro, Small (<50MW)"
BRA,2013,72400000.0,Biomass
BRA,2013,46400000.0,Wind
BRA,2013,214500000.0,Wind
BRA,2013,245700000.0,Wind
BRA,2013,368400000.0,Wind
BRA,2013,60800000.0,Wind
BRA,2013,115100000.0,Wind
BRA,2013,121100000.0,Wind
BRA,2013,203900000.0,Wind
BRA,2013,16300000.0,Biomass
BRA,2013,264200000.0,Not Applicable
BRA,2013,159300000.0,Wind
BRA,2013,417000000.0,Wind
BRA,2013,36800000.0,Biomass
BRA,2013,26400000.0,Biomass
BRA,2013,39900000.0,Biomass
BRA,2013,139800000.0,Not Applicable
BRA,2013,398900000.0,Not Applicable
BRA,2013,56500000.0,"Hydro, Small (<50MW)"
BRA,2013,159270000.0,Biomass
BRA,2013,108400000.0,Not Applicable
BRA,2013,175300000.0,Not Applicable
BRA,2013,421000000.0,Biomass
BRA,2013,764700000.0,Not Applicable
BRA,2013,91700000.0,Wind
BRA,2013,,Natural Gas
BRA,2013,83400000.0,Biomass
BRA,2013,195400000.0,Diesel
BRA,2013,117300000.0,Wind
BRA,2013,14100000.0,"Hydro, Small (<50MW)"
BRA,2013,64750000.0,Biomass
BRA,2013,152200000.0,Wind
BRA,2013,23400000.0,Biomass
BRA,2013,118000000.0,Wind
BRA,2013,297400000.0,"Hydro, Large (>50MW)"
BRA,2013,142000000.0,Wind
BRA,2013,302600000.0,Diesel
BRA,2013,80400000.0,Biomass
BRA,2014,199100000.0,Wind
BRA,2014,268000000.0,Wind
BRA,2014,468000000.0,"Hydro, Large (>50MW)"
BRA,2014,360000000.0,Wind
BRA,2014,81700000.0,Wind
BRA,2014,306400000.0,Wind
BRA,2014,267800000.0,Wind
BRA,2014,306400000.0,Wind
BRA,2014,132699999.99999999,Wind
BRA,2014,342900000.0,Wind
BRA,2014,9000000.0,Biomass
BRA,2014,64599999.99999999,Biomass
BRA,2014,15700000.0,Not Applicable
BRA,2014,74400000.0,Not Applicable
BRA,2014,21000000.0,"Hydro, Small (<50MW)"
BRA,2014,25200000.0,Not Applicable
BRA,2014,38800000.0,Wind
BRA,2014,210200000.0,Wind
BRA,2014,17000000.0,Biomass
BRA,2014,29100000.0,"Hydro, Small (<50MW)"
BRA,2014,63800000.0,Not Applicable
BRA,2014,18400000.0,Wind
BRA,2014,131199999.99999999,Wind
BRA,2014,696000000.0,Wind
BRA,2014,280100000.0,Wind
BRA,2014,65599999.99999999,Biomass
BRA,2014,695200000.0,"Hydro, Large (>50MW)"
BRA,2014,53500000.0,"Hydro, Small (<50MW)"
BRA,2014,42300000.0,Not Applicable
BRA,2014,9300000.0,"Hydro, Small (<50MW)"
BRA,2014,20500000.0,"Hydro, Small (<50MW)"
BRA,2014,82800000.0,Not Applicable
BRA,2014,,"Hydro, Large (>50MW)"
BRA,2014,,"Hydro, Large (>50MW)"
BRA,2014,95000000.0,Biomass
BRA,2014,103700000.0,Wind
BRA,2014,87500000.0,Wind
BRA,2014,20500000.0,"Hydro, Small (<50MW)"
BRA,2015,68800000.0,"Hydro, Small (<50MW)"
BRA,2015,92400000.0,Wind
BRA,2015,67400000.0,Not Applicable
BRA,2015,70400000.0,Wind
BRA,2015,53800000.0,Wind
BRA,2015,3280000.0,Diesel
BRA,2015,88000000.0,Not Applicable
BRA,2015,41800000.0,Wind
BRA,2015,61600000.0,Not Applicable
BRA,2015,20500000.0,"Hydro, Small (<50MW)"
BRA,2015,18000000.0,"Solar, PV"
BRA,2015,145800000.0,Wind
BRA,2015,209000000.0,Wind
BRA,2015,113700000.0,Wind
BRA,2015,35300000.0,Not Applicable
BRA,2015,55500000.0,Wind
BRA,2015,6400000.0,Biomass
BRA,2015,539600000.0,Coal
BRA,2015,299800000.0,Not Applicable
BRA,2015,30600000.0,Wind
BRA,2015,46400000.0,Biomass
BRA,2015,53400000.0,Not Applicable
BRA,2015,205000000.0,Wind
BRA,2015,5700000.0,"Hydro, Small (<50MW)"
BRA,2015,27800000.0,Wind
BRA,2015,82400000.0,Biomass
BRA,2015,226200000.0,Wind
BRA,2015,8300000.000000001,Not Applicable
BRA,2015,147500000.0,Wind
BRA,2015,65800000.0,"Hydro, Small (<50MW)"
BRA,2015,209800000.0,Wind
BRA,2015,108200000.0,Not Applicable
BRA,2015,124500000.0,Wind
BRA,2015,26600000.0,Wind
BRA,2015,80300000.0,"Hydro, Small (<50MW)"
BRA,2016,17700000.0,"Hydro, Small (<50MW)"
BRA,2016,8700000.0,Diesel
BRA,2016,4900000.0,Diesel
BRA,2016,45500000.0,"Hydro, Small (<50MW)"
BRA,2016,113200000.0,Wind
BRA,2016,77400000.0,"Hydro, Small (<50MW)"
BRA,2016,201600000.0,Not Applicable
BRA,2016,21500000.0,Diesel
BRA,2016,,
BRA,2016,,
BRA,2016,,
BRA,2016,84300000.0,Diesel
BRA,2016,190000000.0,Wind
BRA,2016,400000000.0,Wind
BRA,2016,145700000.0,Wind
BRA,2016,5190000000.0,
BRA,2016,204200000.0,Not Applicable
BRA,2016,110000000.0,"Solar, PV"
BRA,2016,296000000.0,"Solar, CPV"
BRA,2016,173300000.0,"Solar, CPV"
BRA,2016,119200000.0,Wind
BRA,2016,31100000.0,Not Applicable
BRA,2016,380000000.0,Wind
BRA,2016,417600000.0,"Solar, PV"
BRA,2016,174300000.0,Not Applicable
BRA,2016,13600000.0,Not Applicable
BRA,2016,43200000.0,"Hydro, Small (<50MW)"
BRA,2016,64400000.00000001,Wind
BRA,2016,26300000.0,Wind
BRA,2016,3753000000.0,"Hydro, Large (>50MW)"
BRA,2016,72200000.0,"Hydro, Small (<50MW)"
BRA,2016,160100000.0,Wind
BRA,2016,73400000.0,Not Applicable
BRA,2016,186700000.0,Not Applicable
BRA,2016,116100000.0,Wind
BRA,2016,516100000.0,"Hydro, Large (>50MW)"
BRA,2016,174000000.0,Wind
BRA,2016,87000000.0,Not Applicable
BRA,2016,115900000.0,Wind
BRA,2016,211900000.0,Wind
BRA,2016,499700000.0,Wind
BRA,2016,7400000.0,Biomass
BRA,2016,43300000.0,"Hydro, Small (<50MW)"
BRA,2017,28700000.0,"Hydro, Small (<50MW)"
BRA,2017,1762100000.0,Not Applicable
BRA,2017,24900000.0,"Solar, PV"
BRA,2017,186000000.0,Wind
BRA,2017,701700000.0,Not Applicable
BRA,2017,98600000.0,Wind
BRA,2017,472000000.0,Wind
BRA,2017,34800000.0,"Hydro, Small (<50MW)"
BRA,2017,,"Solar, PV"
BRA,2017,503500000.0,"Solar, PV"
BRA,2017,29400000.0,Natural Gas
BRA,2017,193200000.0,Wind
BRA,2017,377600000.0,Wind
BRA,2017,409000000.0,Wind
BRA,2017,799600000.0,"Solar, PV"
BRA,2017,174000000.0,Wind
BRA,2017,31700000.0,Wind
BRA,2018,229430000.0,"Solar, PV"
BRA,2018,175500000.0,Not Applicable
BRA,2018,32450000.000000004,"Solar, PV"
BRA,2018,36880000.0,Wind
BRA,2018,40000000.0,Wind
BRA,2018,23360000.0,Wind
BRA,2018,43590000.0,Wind
BRA,2018,33530000.0,Wind
BRA,2018,43590000.0,Wind
BRA,2018,414400000.0,Not Applicable
BRA,2018,165970000.0,"Solar, PV"
BRA,2018,43590000.0,Wind
BRA,2018,43590000.0,Wind
BRA,2018,287230000.0,Not Applicable
BRA,2018,84530000.0,Not Applicable
BRA,2018,52900000.0,Wind
BRA,2018,52900000.0,Wind
BRA,2018,52900000.0,Wind
BRA,2018,1806000000.0,Natural Gas
BRA,2018,43590000.0,Wind
BRA,2018,330050000.0,Not Applicable
BRA,2018,36880000.0,Wind
BRA,2018,36880000.0,Wind
BRA,2018,36880000.0,Wind
BRA,2018,390000000.0,"Solar, PV"
BRA,2018,33530000.0,Wind
BRA,2018,33530000.0,Wind
BRA,2018,33530000.0,Wind
BRA,2018,78020000.0,"Solar, PV"
BRA,2018,89280000.0,"Solar, PV"
BRA,2018,6200000.0,"Solar, PV"
BRA,2018,47610000.0,Wind
BRA,2018,47610000.0,Wind
BRA,2019,545040000.0,Not Applicable
BRA,2019,22390000.0,Wind
BRA,2019,265620000.0,Not Applicable
BRA,2019,96000000.0,Not Applicable
BRA,2019,132110000.00000001,Not Applicable
BRA,2019,117400000.0,"Solar, PV"
BRA,2019,700000000.0,Wind
BRA,2019,112700000.0,Not Applicable
BRA,2019,810000000.0,Not Applicable
BRA,2019,328000000.0,Not Applicable
BRA,2019,28400000.0,"Solar, PV"
BRA,2019,1200000000.0,Natural Gas
BRA,2019,23070000.0,Not Applicable
BRA,2019,80000000.0,"Solar, PV"
BRA,2019,54080000.0,Not Applicable
BRA,2019,91600000.0,Not Applicable
BRA,2019,8637000000.0,
BRA,2019,127390000.0,Not Applicable
BRA,2019,400260000.0,Wind
BRA,2019,615000000.0,Natural Gas
BRA,2019,212000000.0,Not Applicable
BRA,2019,348510000.0,Wind
BRA,2020,68400000.0,Wind
BRA,2020,38600000.0,"Solar, PV"
BRA,2020,279000000.0,Natural Gas
BRA,2020,312560000.0,Wind
BRA,2020,397810000.0,Wind
BRA,2020,18340000.0,"Solar, PV"
BRA,2020,78000000.0,"Solar, PV"
BRA,2020,17980000.0,Not Applicable
BRA,2020,5350000.0,Biogas
BRA,2020,390700000.0,Not Applicable
BRA,2020,293180000.0,Not Applicable
BRA,2020,107000000.0,Wind
BRA,2020,140700000.0,"Solar, PV"
BRA,2020,55000000.0,"Solar, PV"
BRA,2020,44300000.0,Not Applicable
BRA,2020,4930000.0,Wind
BRA,2020,54840000.0,Wind
BRA,2020,28560000.0,Biogas
BRA,2020,31110000.0,"Hydro, Small (<50MW)"
BRA,2020,622290000.0,Not Applicable
BRA,2020,567800000.0,Wind
BRA,2020,37430000.0,"Solar, PV"
BRA,2020,1141000000.0,Natural Gas
BRA,2020,106600000.0,Wind
BRA,2020,339660000.0,Wind
BRA,2020,51600000.0,Wind
BRA,2020,50470000.0,Wind
BRA,2020,231890000.0,Not Applicable
BRA,2020,11510000.0,Not Applicable
BRA,2020,217130000.0,"Solar, PV"
BRA,2020,91990000.0,Wind
BRA,2020,56770000.0,Not Applicable
BRA,2020,186960000.0,
BRA,2020,121190000.0,Wind
BRA,2020,41880000.0,Not Applicable
BRA,2021,90110000.0,Wind
BRA,2021,5890000.0,Wind
BRA,2021,129710000.00000001,Wind
BRA,2021,11150000.0,Wind
BRA,2021,468610000.0,Not Applicable
BRA,2021,99360000.0,"Solar, PV"
BRA,2021,389390000.0,"Solar, PV"
BRA,2021,7840000.0,Wind
BRA,2021,17870000.0,Wind
BRA,2021,1000000000.0,"Solar, PV"
BRA,2021,25970000.0,"Solar, PV"
BRA,2021,,"Solar, PV"
BRA,2021,70000000.0,Other
BRA,2021,534000000.0,Wind
BRA,2021,55950000.0,Wind
BRA,2021,55930000.0,Wind
BRA,2021,55930000.0,"Solar, PV"
BRA,2021,55800000.0,Wind
BRA,2021,95130000.0,Wind
BRA,2021,54500000.0,Wind
BRA,2021,47040000.0,"Solar, PV"
BRA,2022,159420000.0,"Solar, PV"
BRA,2022,236030000.0,Wind
BRA,2022,143250000.0,"Solar, PV"
BRA,2022,89240000.0,Wind
BRA,2022,402000000.0,Other
BRA,2022,675000000.0,Not Applicable
BRA,2022,10500000.0,Waste
BRA,2022,240780000.0,Other
BRA,2022,84910000.0,Wind
BRA,2022,70700000.0,"Solar, PV"
BRA,2022,57700000.0,"Solar, PV"
BRA,2022,22300000.0,"Solar, PV"
BRA,2022,29600000.0,Wind
BRA,2022,52800000.0,Wind
BRA,2022,480000000.0,Wind
BRA,2022,79210000.0,"Solar, PV"
BRA,2022,10560000.0,Other
BRA,2022,148700000.0,"Solar, PV"
BRA,2022,556000000.0,Wind
BRA,2022,286000000.0,Wind
BRA,2022,171640000.0,Not Applicable
BRA,2022,395000000.0,
BRA,2022,179500000.0,"Hydro, Large (>50MW)"
BRA,2022,58280000.0,Wind
BRA,2022,55800000.0,Wind
BRA,2022,145150000.0,"Solar, PV"
BRA,2022,55050000.0,Wind
BRA,2022,69550000.0,Wind
BRA,2022,64000000.0,"Solar, PV"
BRA,2022,288430000.0,Wind
BRA,2022,59970000.0,Wind
BRA,2022,124000000.0,Wind
BRA,2023,39940000.0,Not Applicable
BRA,2023,15000000.0,Natural Gas
BRA,2023,58000000.0,Wind
BRA,2023,42000000.0,Wind
BRA,2023,42000000.0,Wind
BRA,2023,210000000.0,Geothermal
BRA,2023,575000000.0,Natural Gas
BRA,2023,26700000.0,Biomass
BRA,2023,40000000.0,Biogas
BRA,2023,78000000.0,"Solar, PV"
BRA,2023,266000000.0,Not Applicable
BRA,2023,670000000.0,Wind
BRA,2023,7700000.0,Biomass
BRA,2023,137990000.0,"Solar, PV"
BRA,2023,17670000.0,"Solar, PV"
BRA,2023,19300000.0,Biomass
BRA,2023,433000000.0,"Solar, PV"
BRA,2023,93510000.0,Wind
BRA,2023,30600000.0,Not Applicable
BRA,2023,155000000.0,Other
BRA,2023,141480000.0,"Solar, PV"
BRA,2023,10000000.0,"Solar, PV"
BRA,2023,44600000.0,Biomass
BRA,2023,30680000.0,Not Applicable
BRA,2023,19000000.0,"Solar, PV"
BRA,2023,11900000.0,"Solar, PV"
BRA,2023,220000000.0,Wind
BRA,2023,136000000.0,Wind
BRA,2023,260000000.0,"Solar, PV"
BRA,2023,657000000.0,"Solar, PV"
BRA,2024,31300000.0,"Solar, PV"
BRA,2024,178000000.0,Geothermal
BRA,2024,807000000.0,Wind
BRA,2024,239000000.0,"Solar, PV"
BRA,2024,2800000.0,"Solar, PV"
BRA,2024,180000000.0,Wind
BRA,2024,200000000.0,Not Applicable
BRA,2024,208200000.0,Not Applicable
BRA,2024,64400000.00000001,"Solar, PV"
BRA,2024,220000000.0,"Solar, PV"
BRA,2024,96230000.0,Wind
BRA,2024,550000000.0,Not Applicable
BRA,2024,89160000.0,"Solar, PV"
BRA,2024,214000000.0,Not Applicable
BRA,2024,288000000.0,Not Applicable
BRA,2024,129000000.0,"Solar, PV"
BRA,2024,41600000.0,"Solar, PV"
BRA,2024,41500000.0,"Solar, PV"
BRA,2024,80000000.0,"Solar, PV"
BRA,2024,74300000.0,Not Applicable
BRA,2024,211000000.0,Not Applicable
BRA,2024,46000000.0,"Solar, PV"
BRA,2024,107000000.0,"Solar, PV"
BRA,2024,26080000.0,"Solar, CSP"
BRA,2024,80000000.0,"Hydro, Small (<50MW)"
BRA,2024,36000000.0,"Solar, PV"
BRA,2024,25000000.0,"Solar, PV"
BRA,2024,37000000.0,"Solar, PV"
BRA,2024,53600000.0,Wind
BRA,2024,53470000.0,Wind
BRA,2024,31370000.0,Wind
BRA,2024,67000000.0,Wind
BRA,2024,25400000.0,Wind
BRA,2024,62700000.0,Wind
BRA,2024,74000000.0,"Solar, PV"
BRA,2024,638210000.0,Wind
BRA,2024,144000000.0,Wind
BRA,2024,35000000.0,"Solar, PV"
BRA,2024,56800000.0,"Solar, PV"
BRA,2024,87000000.0,Biomass
BRA,2024,25000000.0,"Solar, PV"
BRA,2024,111000000.0,Waste
COL,2010,,Diesel
COL,2010,98716000.0,"Hydro, Large (>50MW)"
COL,2011,684000000.0,"Hydro, Large (>50MW)"
COL,2014,206600000.0,"Hydro, Large (>50MW)"
COL,2014,53000000.0,"Hydro, Small (<50MW)"
COL,2014,125000000.0,"Hydro, Small (<50MW)"
COL,2015,59000000.0,Biomass
COL,2016,65000000.0,Biomass
COL,2018,8000000.0,"Solar, PV"
COL,2018,70000000.0,"Solar, PV"
COL,2019,116700000.0,Not Applicable
COL,2019,48500000.0,Natural Gas
COL,2020,5000000.0,"Solar, PV"
COL,2020,11730000.0,"Solar, PV"
COL,2020,188500000.0,Not Applicable
COL,2021,24000000.0,"Solar, PV"
COL,2022,56000000.0,"Solar, PV"
COL,2022,290000000.0,"Solar, PV"
COL,2022,158870000.0,"Solar, PV"
COL,2022,11000000.0,"Solar, PV"
COL,2022,69690000.0,Natural Gas
COL,2023,44700000.0,Not Applicable
COL,2023,66200000.0,"Solar, PV"
COL,2023,300000000.0,Not Applicable
COL,2023,30000000.0,"Solar, PV"
COL,2023,57000000.0,"Solar, PV"
COL,2023,223000000.0,"Solar, PV"
COL,2024,,"Solar, PV"
COL,2024,202000000.0,"Solar, PV"
CRI,2012,273000000.0,"Hydro, Large (>50MW)"
CRI,2013,141000000.0,"Hydro, Large (>50MW)"
CRI,2013,139600000.0,Wind
CRI,2013,135000000.0,"Hydro, Small (<50MW)"
CRI,2014,125000000.0,Wind
CRI,2014,40000000.0,Wind
CRI,2015,143000000.0,Wind
CRI,2015,46000000.0,Wind
DOM,2010,30000000.0,Natural Gas
DOM,2011,126700000.0,Wind
DOM,2011,76000000.0,Wind
DOM,2011,100000000.0,Wind
DOM,2011,100000000.0,Wind
DOM,2011,63000000.0,Natural Gas
DOM,2012,40000000.0,Natural Gas
DOM,2012,50000000.0,"Solar, PV"
DOM,2015,204500000.0,Wind
DOM,2017,125000000.0,Wind
DOM,2018,110000000.0,Wind
DOM,2018,56050000.0,"Solar, PV"
DOM,2019,78000000.0,"Solar, PV"
DOM,2021,,"Solar, PV"
DOM,2021,45000000.0,"Solar, PV"
DOM,2022,200000000.0,"Solar, PV"
DOM,2022,60000000.0,"Solar, PV"
DOM,2022,50000000.0,"Solar, PV"
DOM,2023,50000000.0,"Solar, PV"
DOM,2023,50000000.0,"Solar, PV"
DOM,2023,50000000.0,"Solar, PV"
DOM,2023,73600000.0,"Solar, PV"
DOM,2023,53800000.0,"Solar, PV"
DOM,2023,,Biomass
DOM,2023,,"Solar, PV"
DOM,2023,14250000.0,"Solar, PV"
DOM,2023,395000000.0,"Solar, PV"
DOM,2023,53600000.0,"Solar, PV"
DOM,2023,117770000.0,"Solar, PV"
DOM,2024,56400000.0,"Solar, PV, N/A"
DOM,2024,67200000.0,"Solar, PV"
DOM,2024,322500000.0,Natural Gas
ECU,2013,60000000.0,"Hydro, Small (<50MW)"
ECU,2013,76700000.0,"Hydro, Small (<50MW)"
ECU,2016,111400000.0,"Hydro, Small (<50MW)"
ECU,2017,111400000.0,"Hydro, Small (<50MW)"
ECU,2023,181000000.0,Wind
SLV,2015,2000000.0,"Solar, PV"
SLV,2015,4000000.0,"Solar, PV"
SLV,2015,4200000.0,"Solar, PV"
SLV,2015,144200000.0,"Solar, PV"
SLV,2015,2340000.0,"Solar, PV"
SLV,2017,160000000.0,"Solar, PV"
SLV,2018,143000000.0,"Solar, PV"
SLV,2019,877000000.0,Natural Gas
SLV,2020,7800000.0,"Solar, PV"
SLV,2022,25300000.0,"Solar, PV"
GTM,2010,758000000.0,Coal
GTM,2012,144000000.0,"Hydro, Large (>50MW)"
GTM,2012,36000000.0,"Hydro, Small (<50MW)"
GTM,2013,523000000.0,Not Applicable
GTM,2014,,Coal
GTM,2014,74200000.0,Biomass
GTM,2014,100000000.0,"Solar, PV"
GTM,2014,33500000.0,"Hydro, Small (<50MW)"
GTM,2014,118500000.0,"Hydro, Small (<50MW)"
GTM,2014,84000000.0,Wind
GTM,2015,34000000.0,"Hydro, Small (<50MW)"
GTM,2015,60000000.0,"Solar, PV"
GTM,2019,56400000.0,Wind
GTM,2024,64000000.0,"Solar, PV"
HND,2010,250000000.0,Wind
HND,2010,68800000.0,Wind
HND,2011,126000000.0,"Hydro, Small (<50MW)"
HND,2011,18500000.0,"Hydro, Small (<50MW)"
HND,2013,118000000.0,Biomass
HND,2013,130000000.0,Wind
HND,2014,125000000.0,"Solar, PV"
HND,2014,90000000.0,"Solar, PV"
HND,2014,69300000.0,"Solar, PV"
HND,2014,210000000.0,"Solar, PV"
HND,2014,60000000.0,"Solar, PV"
HND,2015,120000000.0,"Solar, PV"
HND,2015,190000000.0,"Solar, PV"
HND,2015,120000000.0,"Solar, PV"
HND,2016,69300000.0,Wind
HND,2016,100000000.0,"Solar, CPV"
HND,2016,180000000.0,Geothermal
HND,2017,110000000.0,Wind
HND,2017,123600000.0,"Solar, PV"
HND,2017,26000000.0,Wind
HND,2023,370000000.0,Wind
JAM,2010,132000000.0,Natural Gas
JAM,2015,60000000.0,"Solar, PV"
JAM,2015,60200000.0,"Solar, PV"
JAM,2015,89600000.0,Wind
JAM,2017,60000000.0,"Solar, PV"
JAM,2017,330000000.0,Natural Gas
JAM,2018,64000000.0,"Solar, PV"
JAM,2022,24300000.0,"Solar, PV"
JAM,2024,100000000.0,Not Applicable
MEX,2010,360000000.0,Not Applicable
MEX,2010,225000000.0,Wind
MEX,2010,214700000.0,Wind
MEX,2011,420000000.0,Natural Gas
MEX,2011,200000000.0,Wind
MEX,2011,200000000.0,Wind
MEX,2011,200000000.0,Wind
MEX,2011,187000000.0,Wind
MEX,2012,83500000.0,Wind
MEX,2012,,Wind
MEX,2012,320000000.0,Wind
MEX,2012,720000000.0,"Solar, CPV"
MEX,2012,1006000000.0,Wind
MEX,2012,600000000.0,Not Applicable
MEX,2013,100000000.0,"Solar, PV"
MEX,2013,400000000.0,Wind
MEX,2013,196000000.0,Wind
MEX,2013,148000000.0,Wind
MEX,2013,401100000.0,Wind
MEX,2013,136000000.0,
MEX,2013,54800000.0,Wind
MEX,2013,346700000.0,Wind
MEX,2013,130000000.0,Wind
MEX,2013,160000000.0,Wind
MEX,2013,45000000.0,"Hydro, Small (<50MW)"
MEX,2014,149000000.0,"Solar, PV"
MEX,2014,1109140000.0,Not Applicable
MEX,2014,800000000.0,Not Applicable
MEX,2014,250000000.0,Wind
MEX,2014,300000000.0,Wind
MEX,2014,606200000.0,Not Applicable
MEX,2014,37600000.0,"Solar, PV"
MEX,2014,650100000.0,Wind
MEX,2015,826200000.0,
MEX,2015,342000000.0,Waste
MEX,2015,1653000000.0,Not Applicable
MEX,2015,65700000.0,
MEX,2016,45000000.0,"Solar, CPV"
MEX,2016,840000000.0,
MEX,2016,800000000.0,
MEX,2016,250000000.0,Wind
MEX,2016,11000000.0,
MEX,2016,570600000.0,
MEX,2016,110000000.0,
MEX,2016,960000000.0,
MEX,2017,300000000.0,Wind
MEX,2017,220000000.0,"Solar, PV"
MEX,2017,221000000.0,Wind
MEX,2017,332000000.0,Wind
MEX,2017,135000000.0,"Solar, PV"
MEX,2017,14000000.0,"Solar, PV"
MEX,2017,868400000.0,Natural Gas
MEX,2017,450000000.0,Natural Gas
MEX,2017,294000000.0,"Solar, PV"
MEX,2017,740100000.0,Wind
MEX,2017,650000000.0,
MEX,2017,219000000.0,"Solar, PV"
MEX,2017,368000000.0,"Solar, PV"
MEX,2017,916000000.0,Natural Gas
MEX,2017,236300000.0,"Solar, PV"
MEX,2017,650000000.0,"Solar, PV"
MEX,2018,45000000.0,"Solar, PV"
MEX,2018,115000000.0,Wind
MEX,2018,74650000.0,"Solar, PV"
MEX,2018,280000000.0,Wind
MEX,2018,740000000.0,Geothermal
MEX,2018,105500000.0,"Solar, PV"
MEX,2018,62700000.0,"Solar, PV"
MEX,2018,95200000.0,"Solar, PV"
MEX,2018,115000000.0,"Solar, PV"
MEX,2018,165000000.0,"Solar, PV"
MEX,2018,580200000.0,Wind
MEX,2018,309000000.0,"Solar, PV"
MEX,2018,493000000.0,"Solar, PV"
MEX,2018,120000000.0,Wind
MEX,2018,112000000.0,Wind
MEX,2018,119600000.0,"Solar, PV"
MEX,2018,65800000.0,"Solar, PV"
MEX,2019,100000000.0,"Solar, PV"
MEX,2019,86000000.0,"Solar, PV"
MEX,2019,283390000.0,"Solar, PV"
MEX,2019,163200000.0,Wind
MEX,2019,100000000.0,"Solar, PV"
MEX,2019,120000000.0,"Solar, PV"
MEX,2019,280000000.0,"Solar, PV"
MEX,2019,157100000.0,Wind
MEX,2019,250000000.0,Wind
MEX,2019,105000000.0,"Solar, PV"
MEX,2019,144150000.0,"Solar, PV"
MEX,2019,219370000.0,"Solar, PV"
MEX,2019,250000000.0,"Solar, PV"
MEX,2019,50000000.0,"Solar, PV"
MEX,2019,100000000.0,"Solar, PV"
MEX,2019,124400000.0,"Solar, PV"
MEX,2019,145200000.0,"Solar, PV"
MEX,2019,39400000.0,"Solar, PV"
MEX,2020,100000000.0,Wind
MEX,2020,4000000000.0,
MEX,2020,17500000.0,"Solar, PV"
MEX,2020,94000000.0,"Solar, PV"
MEX,2021,398460000.0,"Solar, PV"
MEX,2021,50000000.0,"Solar, PV"
MEX,2023,14650000.0,"Solar, PV"
MEX,2024,500000000.0,Wind
MEX,2024,51000000.0,"Solar, PV"
NIC,2010,55000000.0,Wind
NIC,2010,370000000.0,Geothermal
NIC,2011,33000000.0,"Hydro, Small (<50MW)"
NIC,2011,110000000.0,Wind
NIC,2012,,Wind
NIC,2012,116000000.0,Wind
NIC,2012,14000000.0,"Hydro, Small (<50MW)"
NIC,2014,76000000.0,Biomass
NIC,2023,12500000.0,"Solar, PV, Not Applicable"
NIC,2024,12500000.0,"Solar, PV, N/A"
PER,2010,253000000.0,"Hydro, Large (>50MW)"
PER,2010,130000000.0,Not Applicable
PER,2010,74000000.0,Waste
PER,2011,22500000.0,Natural Gas
PER,2011,87300000.0,"Solar, PV"
PER,2011,87300000.0,"Solar, PV"
PER,2011,220400000.0,Natural Gas
PER,2011,128400000.0,Natural Gas
PER,2011,47000000.0,Not Applicable
PER,2011,230000000.0,Not Applicable
PER,2012,904000000.0,Natural Gas
PER,2012,210000000.0,"Solar, PV"
PER,2012,7500000.0,"Hydro, Small (<50MW)"
PER,2012,905000000.0,"Hydro, Large (>50MW)"
PER,2013,480000000.0,Not Applicable
PER,2013,61100000.0,Wind
PER,2013,1228000000.0,"Hydro, Large (>50MW)"
PER,2013,71100000.0,Wind
PER,2013,198900000.0,Wind
PER,2013,89000000.0,"Hydro, Small (<50MW)"
PER,2013,145000000.0,Natural Gas
PER,2013,39600000.0,"Hydro, Small (<50MW)"
PER,2013,16399999.999999998,Not Applicable
PER,2013,14600000.0,Not Applicable
PER,2014,8300000.000000001,Not Applicable
PER,2014,36200000.0,"Hydro, Small (<50MW)"
PER,2014,60000000.0,"Hydro, Large (>50MW)"
PER,2014,154500000.0,"Hydro, Large (>50MW)"
PER,2014,390000000.0,Natural Gas
PER,2014,32799999.999999996,Not Applicable
PER,2014,250000000.0,Not Applicable
PER,2014,100000000.0,Diesel
PER,2014,75000000.0,Not Applicable
PER,2014,43000000.0,"Solar, PV"
PER,2014,365000000.0,"Hydro, Large (>50MW)"
PER,2014,58800000.0,"Hydro, Small (<50MW)"
PER,2014,128000000.0,Not Applicable
PER,2015,106800000.0,Not Applicable
PER,2015,45000000.0,"Hydro, Small (<50MW)"
PER,2015,32700000.000000004,"Hydro, Small (<50MW)"
PER,2015,432400000.0,"Diesel, Natural Gas"
PER,2015,49100000.0,"Hydro, Small (<50MW)"
PER,2015,83200000.0,"Hydro, Small (<50MW)"
PER,2015,27450000.0,Diesel
PER,2015,34500000.0,Not Applicable
PER,2015,447000000.0,Not Applicable
PER,2015,45000000.0,"Hydro, Small (<50MW)"
PER,2015,102500000.0,Diesel
PER,2015,185700000.0,Wind
PER,2016,21500000.0,"Hydro, Small (<50MW)"
PER,2016,25100000.0,"Hydro, Small (<50MW)"
PER,2016,107300000.0,"Hydro, Large (>50MW)"
PER,2016,170000000.0,"Solar, PV"
PER,2017,65500000.0,"Hydro, Small (<50MW)"
PER,2017,50000000.0,"Hydro, Small (<50MW)"
PER,2017,438000000.0,"Hydro, Large (>50MW)"
PER,2017,165000000.0,Wind
PER,2018,36200000.0,"Hydro, Small (<50MW)"
PER,2018,52300000.0,"Solar, PV"
PER,2018,181000000.0,"Solar, PV"
PER,2018,41700000.0,"Hydro, Small (<50MW)"
PER,2019,27000000.0,Wind
PER,2019,27000000.0,Wind
PER,2020,100000000.0,
PER,2022,77900000.0,"Solar, PV"
PER,2022,68000000.0,"Hydro, Small (<50MW)"
PER,2022,300000000.0,Wind
PER,2022,54000000.0,Not Applicable
PER,2022,180000000.0,Wind
PER,2022,188500000.0,Wind
PER,2023,150000000.0,
PER,2023,272000000.0,Not Applicable
PER,2023,227000000.0,"Solar, PV"
PER,2023,561000000.0,Not Applicable
PER,2023,132000000.0,Not Applicable
PER,2023,32100000.0,Not Applicable
PER,2023,107600000.0,Not Applicable
PER,2023,85900000.0,Not Applicable
PER,2023,220000000.0,"Solar, PV"
PER,2024,188600000.0,Not Applicable
PER,2024,441000000.0,Not Applicable
PER,2024,98500000.0,Not Applicable
PER,2024,91000000.0,"Solar, PV"
PER,2024,120700000.0,Not Applicable
PER,2024,109700000.0,Not Applicable
PER,2024,195000000.0,"Solar, PV"
KNA,2020,47850000.0,"Solar, PV"
LCA,2017,20000000.0,"Solar, PV"
VCT,2019,82000000.0,Geothermal
DZA,2012,30300000.0,Wind
DJI,2020,123500000.0,Wind
DJI,2023,,"Solar, PV, N/A"
EGY,2010,314700000.0,"Natural Gas, Steam, Solar, CSP"
EGY,2012,276000000.0,Wind
EGY,2016,100000000.0,"Solar, PV"
EGY,2016,6000000.0,"Solar, PV"
EGY,2017,154600000.0,"Solar, PV"
EGY,2017,66000000.0,"Solar, PV"
EGY,2017,66000000.0,"Solar, PV"
EGY,2017,77500000.0,"Solar, PV"
EGY,2017,29400000.0,"Solar, PV"
EGY,2017,80800000.0,"Solar, PV"
EGY,2017,66000000.0,"Solar, PV"
EGY,2017,68700000.0,"Solar, PV"
EGY,2017,74000000.0,"Solar, PV"
EGY,2017,74000000.0,"Solar, PV"
EGY,2017,28800000.0,"Solar, PV"
EGY,2017,68670000.0,"Solar, PV"
EGY,2017,66400000.00000001,"Solar, PV"
EGY,2017,74000000.0,"Solar, PV"
EGY,2017,74000000.0,"Solar, PV"
EGY,2017,68670000.0,"Solar, PV"
EGY,2017,115700000.0,"Solar, PV"
EGY,2017,73740000.0,"Solar, PV"
EGY,2017,33299999.999999996,"Solar, PV"
EGY,2017,400000000.0,Wind
EGY,2017,450000000.0,"Solar, PV"
EGY,2017,73000000.0,"Solar, PV"
EGY,2017,74100000.0,"Solar, PV"
EGY,2017,42650000.0,"Solar, PV"
EGY,2019,335000000.0,"Solar, PV"
EGY,2022,330000000.0,"Solar, PV"
EGY,2022,709000000.0,Wind
EGY,2023,120000000.0,Waste
EGY,2023,80000000.0,
EGY,2023,669400000.0,Wind
EGY,2024,75000000.0,Wind
EGY,2024,98300000.0,Wind
IRN,2017,21000000.0,"Solar, PV"
IRN,2017,18500000.0,"Solar, PV"
IRN,2017,43000000.0,"Solar, PV"
IRN,2017,12000000.0,"Solar, PV"
IRQ,2016,500000000.0,Natural Gas
JOR,2012,350000000.0,Diesel
JOR,2013,812000000.0,Diesel
JOR,2013,290000000.0,Wind
JOR,2014,65000000.0,"Solar, PV"
JOR,2014,30000000.0,"Solar, CPV"
JOR,2014,30000000.0,"Solar, PV"
JOR,2014,66000000.0,"Solar, PV"
JOR,2015,30000000.0,"Solar, PV"
JOR,2015,30000000.0,"Solar, PV"
JOR,2015,30000000.0,"Solar, PV"
JOR,2015,30000000.0,"Solar, PV"
JOR,2015,50000000.0,"Solar, PV"
JOR,2015,70000000.0,"Solar, PV"
JOR,2015,168000000.0,"Solar, PV"
JOR,2015,20000000.0,"Solar, PV"
JOR,2016,185100000.0,Wind
JOR,2016,197000000.0,Wind
JOR,2016,95000000.0,"Solar, PV"
JOR,2016,475000000.0,Natural Gas
JOR,2017,2109000000.0,Other
JOR,2017,280000000.0,"Solar, PV"
JOR,2017,98400000.0,"Solar, PV"
JOR,2017,69000000.0,"Solar, PV"
JOR,2017,93300000.0,"Solar, PV"
JOR,2017,104000000.0,Wind
JOR,2018,12000000.0,"Solar, PV"
JOR,2018,103000000.0,Wind
JOR,2018,50000000.0,"Solar, PV"
JOR,2019,74000000.0,"Solar, PV"
LBN,2016,180000000.0,"Natural Gas, Diesel"
MAR,2011,342750000.0,Wind
MAR,2012,1413000000.0,Coal
MAR,2012,467000000.0,Wind
MAR,2013,1438000000.0,"Solar, CSP"
MAR,2014,2621580000.0,Coal
MAR,2015,1000000000.0,"Solar, CSP"
MAR,2015,900000000.0,"Solar, CPV"
MAR,2017,220000000.0,"Solar, PV"
MAR,2018,261860000.0,Wind
MAR,2019,12900000.0,Wind
MAR,2019,12900000.0,Wind
MAR,2020,837520000.0,"Solar, CSP"
MAR,2020,201250000.0,Wind
MAR,2022,36800000.0,"Solar, PV"
MAR,2022,131120000.0,Wind
TUN,2019,10000000.0,"Solar, PV"
TUN,2020,40000000.0,Wind
TUN,2022,52490000.0,"Solar, PV"
TUN,2022,52490000.0,"Solar, PV"
TUN,2023,86000000.0,"Solar, PV"
TUN,2024,7900000.0,"Solar, PV"
TUN,2024,8300000.000000001,"Solar, PV"
TUN,2024,87900000.0,"Solar, PV"
AFG,2017,19000000.0,"Solar, PV"
AFG,2019,18890000.0,"Solar, PV"
AFG,2019,75000000.0,Natural Gas
AFG,2019,96600000.0,Natural Gas
BGD,2010,26000000.0,Diesel
BGD,2010,34000000.0,Diesel
BGD,2010,13000000.0,Not Applicable
BGD,2010,40230000.0,Other
BGD,2010,11800000.0,Diesel
BGD,2010,12100000.0,Diesel
BGD,2010,11800000.0,Diesel
BGD,2010,11800000.0,Diesel
BGD,2011,55000000.0,Natural Gas
BGD,2011,19700000.0,Diesel
BGD,2011,30962000.0,Natural Gas
BGD,2011,88745000.0,Other
BGD,2011,39500000.0,Other
BGD,2011,15700000.0,Other
BGD,2011,39400000.0,Other
BGD,2011,23700000.0,Diesel
BGD,2012,23700000.0,Diesel
BGD,2012,93000000.0,Diesel
BGD,2012,59200000.0,Diesel
BGD,2012,370000000.0,Natural Gas
BGD,2012,59200000.0,Natural Gas
BGD,2012,300000000.0,Natural Gas
BGD,2012,32000000.0,Natural Gas
BGD,2012,578900000.0,Coal
BGD,2013,40300000.0,Diesel
BGD,2014,86600000.0,Diesel
BGD,2014,84000000.0,Natural Gas
BGD,2014,27900000.0,Diesel
BGD,2014,318000000.0,Natural Gas
BGD,2015,300000000.0,Natural Gas
BGD,2016,170000000.0,Natural Gas
BGD,2017,26000000.0,Diesel
BGD,2017,412000000.0,"Diesel, Natural Gas"
BGD,2018,269000000.0,Natural Gas
BGD,2019,35710000.0,"Solar, PV"
BGD,2020,64000000.0,Diesel
BGD,2020,78000000.0,"Solar, PV"
BGD,2020,1183000000.0,Natural Gas
BGD,2020,55000000.0,"Solar, PV"
BGD,2020,207000000.0,Other
BGD,2020,500000000.0,Natural Gas
BGD,2021,,Coal
BGD,2022,613000000.0,Natural Gas
BGD,2023,97550000.0,"Solar, PV"
BGD,2023,150000000.0,"Solar, PV"
BGD,2024,24300000.0,"Solar, PV"
IND,2010,54700000.0,Not Applicable
IND,2010,302000000.0,Coal
IND,2010,60000000.0,"Solar, PV"
IND,2010,507300000.0,Coal
IND,2010,143000000.0,Wind
IND,2010,65000000.0,Wind
IND,2010,74400000.0,"Solar, PV"
IND,2010,26000000.0,Wind
IND,2010,1437000000.0,Coal
IND,2010,761000000.0,Coal
IND,2010,1812800000.0,Coal
IND,2010,101000000.0,Coal
IND,2010,719400000.0,Natural Gas
IND,2010,138200000.0,Natural Gas
IND,2010,648000000.0,Coal
IND,2010,1213000000.0,Coal
IND,2010,203600000.0,Coal
IND,2010,283600000.0,Coal
IND,2010,696000000.0,Coal
IND,2010,1750000000.0,Coal
IND,2010,19800000.0,Wind
IND,2010,636000000.0,Coal
IND,2010,97100000.0,Not Applicable
IND,2010,144000000.0,Not Applicable
IND,2010,23000000.0,"Hydro, Small (<50MW)"
IND,2010,3826000000.0,Coal
IND,2010,3535300000.0,Coal
IND,2010,27600000.0,"Hydro, Small (<50MW)"
IND,2010,227600000.0,"Hydro, Large (>50MW)"
IND,2010,1515000000.0,Coal
IND,2010,1517000000.0,Coal
IND,2010,1093000000.0,Coal
IND,2010,601000000.0,Not Applicable
IND,2010,21000000.0,"Hydro, Small (<50MW)"
IND,2010,143500000.0,"Hydro, Large (>50MW)"
IND,2010,2514760000.0,Coal
IND,2010,1662000000.0,Coal
IND,2010,90750000.0,"Hydro, Large (>50MW)"
IND,2010,71900000.0,Wind
IND,2010,256700000.0,Wind
IND,2010,573000000.0,Coal
IND,2010,528299999.99999994,Coal
IND,2011,185500000.0,"Solar, CSP"
IND,2011,150200000.0,"Solar, PV"
IND,2011,139300000.0,Not Applicable
IND,2011,1495700000.0,Coal
IND,2011,54800000.0,Wind
IND,2011,19400000.0,"Solar, PV"
IND,2011,44700000.0,"Solar, PV"
IND,2011,31300000.0,"Solar, PV"
IND,2011,1377800000.0,Coal
IND,2011,189100000.0,Natural Gas
IND,2011,138200000.0,Wind
IND,2011,6450000.0,Wind
IND,2011,150000000.0,"Solar, PV"
IND,2011,737800000.0,Coal
IND,2011,1283500000.0,Coal
IND,2011,222100000.0,Not Applicable
IND,2011,19700000.0,Not Applicable
IND,2011,70700000.0,"Solar, PV"
IND,2011,21900000.0,Wind
IND,2011,1212800000.0,Coal
IND,2011,467800000.0,Coal
IND,2011,54200000.0,"Solar, PV"
IND,2011,152000000.0,Wind
IND,2011,158500000.0,"Hydro, Large (>50MW)"
IND,2011,91500000.0,Wind
IND,2011,725100000.0,Coal
IND,2011,379800000.0,Natural Gas
IND,2011,66599999.99999999,"Solar, PV"
IND,2011,798900000.0,Coal
IND,2011,68000000.0,Coal
IND,2011,64300000.0,Wind
IND,2011,,Wind
IND,2011,15700000.0,"Solar, PV"
IND,2011,28200000.0,"Solar, PV"
IND,2011,349800000.0,Coal
IND,2011,61200000.0,"Solar, PV"
IND,2011,2520800000.0,Coal
IND,2011,17000000.0,"Solar, PV"
IND,2011,580000000.0,Natural Gas
IND,2011,19600000.0,"Solar, PV"
IND,2011,14600000.0,"Solar, PV"
IND,2011,49300000.0,"Solar, PV"
IND,2011,1386700000.0,Coal
IND,2011,49500000.0,"Solar, PV"
IND,2011,,Biomass
IND,2011,71100000.0,"Hydro, Large (>50MW)"
IND,2011,9200000.0,"Hydro, Small (<50MW)"
IND,2011,54600000.0,Not Applicable
IND,2011,76000000.0,"Solar, PV"
IND,2011,26700000.0,"Solar, PV"
IND,2011,48000000.0,Wind
IND,2011,193600000.0,"Hydro, Large (>50MW)"
IND,2011,85100000.0,"Solar, PV"
IND,2011,133300000.00000001,Wind
IND,2011,15400000.0,"Solar, PV"
IND,2011,57000000.0,Not Applicable
IND,2011,19100000.0,"Solar, PV"
IND,2011,44500000.0,"Solar, PV"
IND,2011,77500000.0,"Solar, PV"
IND,2011,1251700000.0,Natural Gas
IND,2011,35100000.0,Wind
IND,2011,407300000.0,Natural Gas
IND,2011,19100000.0,"Solar, PV"
IND,2011,18900000.0,"Solar, PV"
IND,2012,183400000.0,Wind
IND,2012,198000000.0,Wind
IND,2012,59600000.0,Wind
IND,2012,320200000.0,Not Applicable
IND,2012,32900000.0,Wind
IND,2012,58700000.0,Wind
IND,2012,,Wind
IND,2012,33200000.000000004,Wind
IND,2012,244700000.0,Wind
IND,2012,120000000.0,Wind
IND,2012,,Wind
IND,2012,11800000.0,"Solar, PV"
IND,2012,39100000.0,"Solar, PV"
IND,2012,18800000.0,Not Applicable
IND,2012,29000000.0,Not Applicable
IND,2012,18800000.0,Not Applicable
IND,2012,114300000.0,Wind
IND,2012,56100000.0,"Solar, PV"
IND,2012,148900000.0,"Solar, CSP"
IND,2012,21400000.0,Wind
IND,2012,28700000.0,Wind
IND,2012,95900000.0,Coal
IND,2012,218500000.0,Not Applicable
IND,2012,1384700000.0,Coal
IND,2012,882300000.0,Not Applicable
IND,2012,134700000.0,"Solar, CSP"
IND,2012,25000000.0,"Solar, PV"
IND,2012,34800000.0,"Solar, PV"
IND,2012,72600000.0,Wind
IND,2012,143700000.0,Coal
IND,2012,14000000.0,Coal
IND,2012,49400000.0,Wind
IND,2012,133100000.0,Wind
IND,2012,29000000.0,"Solar, PV"
IND,2012,368300000.0,"Solar, CSP"
IND,2012,120500000.0,Wind
IND,2012,55900000.0,Wind
IND,2012,319100000.0,Wind
IND,2012,57700000.0,Wind
IND,2012,26300000.0,Wind
IND,2012,31600000.0,Wind
IND,2012,13200000.0,"Solar, PV"
IND,2012,50600000.0,"Solar, PV"
IND,2012,329900000.0,Coal
IND,2012,72700000.0,"Solar, PV"
IND,2012,43400000.0,"Solar, PV"
IND,2012,9900000.0,"Solar, PV"
IND,2012,218500000.0,Wind
IND,2012,54600000.0,Wind
IND,2012,97500000.0,Wind
IND,2012,532600000.0,Coal
IND,2012,30900000.0,Wind
IND,2012,90000000.0,"Solar, PV"
IND,2012,22000000.0,Wind
IND,2012,941000000.0,Not Applicable
IND,2013,36000000.0,"Solar, PV"
IND,2013,6200000.0,"Solar, PV"
IND,2013,90100000.0,Wind
IND,2013,20600000.0,Wind
IND,2013,229300000.0,"Hydro, Large (>50MW)"
IND,2013,65200000.0,Wind
IND,2013,58200000.0,Not Applicable
IND,2013,9500000.0,Biomass
IND,2013,59100000.0,"Solar, PV"
IND,2013,248500000.0,Coal
IND,2013,112800000.0,Wind
IND,2013,42000000.0,Wind
IND,2013,88400000.0,Wind
IND,2013,17600000.0,"Solar, PV"
IND,2013,276600000.0,Coal
IND,2013,47500000.0,Wind
IND,2013,22200000.0,Wind
IND,2013,8600000.0,"Solar, PV"
IND,2013,,Biomass
IND,2013,20600000.0,Wind
IND,2013,29400000.0,Wind
IND,2013,104200000.0,Wind
IND,2013,55600000.0,Wind
IND,2013,63200000.0,Wind
IND,2013,47000000.0,Wind
IND,2013,39200000.0,"Solar, PV"
IND,2013,5000000.0,"Solar, PV"
IND,2013,33200000.000000004,Wind
IND,2013,187700000.0,Wind
IND,2014,132400000.0,"Solar, PV"
IND,2014,45300000.0,Not Applicable
IND,2014,41100000.0,"Solar, PV"
IND,2014,56630000.0,Wind
IND,2014,61500000.0,"Solar, PV"
IND,2014,47000000.0,Wind
IND,2014,116300000.0,Wind
IND,2014,34600000.0,Wind
IND,2014,25700000.0,"Solar, PV"
IND,2014,18000000.0,Not Applicable
IND,2014,53600000.0,Wind
IND,2014,42300000.0,Wind
IND,2014,33800000.0,"Solar, PV"
IND,2014,13900000.0,Wind
IND,2014,811600000.0,Not Applicable
IND,2014,26000000.0,Wind
IND,2014,4600000.0,"Hydro, Small (<50MW)"
IND,2014,40800000.0,"Solar, PV"
IND,2014,51600000.0,Wind
IND,2014,32600000.0,Wind
IND,2014,44100000.0,"Solar, PV"
IND,2014,8800000.0,"Solar, PV"
IND,2015,62500000.0,"Solar, PV"
IND,2015,49900000.0,"Solar, PV"
IND,2015,25000000.0,"Solar, PV"
IND,2015,25000000.0,"Solar, PV"
IND,2015,32100000.0,"Solar, PV"
IND,2015,37500000.0,"Solar, PV"
IND,2015,33400000.0,"Solar, PV"
IND,2015,43700000.0,"Solar, PV"
IND,2015,112500000.0,"Solar, CSP"
IND,2015,12200000.0,"Solar, PV"
IND,2015,62400000.0,"Solar, PV"
IND,2015,220000000.0,Wind
IND,2015,107200000.0,Wind
IND,2015,124000000.0,Wind
IND,2015,55800000.0,Wind
IND,2015,90400000.0,Wind
IND,2015,7700000.0,"Solar, PV"
IND,2015,103070000.0,Wind
IND,2015,115200000.0,Wind
IND,2015,32369999.999999996,"Solar, PV"
IND,2015,74700000.0,Coal
IND,2015,200000000.0,Wind
IND,2015,132000000.0,Wind
IND,2015,72800000.0,"Solar, PV"
IND,2015,23900000.0,"Solar, PV"
IND,2015,15600000.0,"Solar, PV"
IND,2015,102000000.0,"Solar, PV"
IND,2015,114000000.0,"Solar, PV"
IND,2016,226000000.0,"Solar, PV"
IND,2016,38850000.0,Not Applicable
IND,2016,31280000.0,"Solar, PV"
IND,2016,38800000.0,Wind
IND,2016,12400000.0,Wind
IND,2016,58000000.0,Not Applicable
IND,2016,36600000.0,Wind
IND,2016,10000000.0,Wind
IND,2016,447300000.0,Not Applicable
IND,2016,123800000.0,Wind
IND,2016,123800000.0,Wind
IND,2016,8500000.0,"Solar, PV"
IND,2016,495000000.0,"Solar, PV"
IND,2016,36600000.0,"Solar, PV"
IND,2017,5940000.0,Biomass
IND,2017,149700000.0,"Solar, PV"
IND,2017,28660000.0,"Solar, PV"
IND,2017,59560000.0,"Solar, CPV"
IND,2017,21700000.0,"Solar, PV"
IND,2017,77900000.0,"Solar, PV"
IND,2017,56400000.0,"Solar, PV"
IND,2017,57700000.0,"Solar, PV"
IND,2017,146500000.0,Not Applicable
IND,2017,19300000.0,Wind
IND,2017,80620000.0,Wind
IND,2017,39300000.0,"Solar, PV"
IND,2017,43300000.0,"Solar, PV"
IND,2017,200000000.0,"Solar, PV"
IND,2017,66200000.0,"Solar, PV"
IND,2017,41850000.0,"Solar, PV"
IND,2017,,Wind
IND,2017,52100000.0,"Solar, PV"
IND,2017,164900000.0,Wind
IND,2018,62030000.0,"Solar, PV"
IND,2018,201900000.0,"Solar, PV"
IND,2018,200750000.0,Wind
IND,2018,82810000.0,"Solar, PV"
IND,2018,40000000.0,"Solar, PV"
IND,2018,16000000.0,"Solar, PV"
IND,2018,82630000.0,Wind
IND,2018,185550000.0,Not Applicable
IND,2018,18190000.0,"Solar, PV"
IND,2018,4330000.0,"Solar, PV"
IND,2018,197200000.0,"Solar, PV"
IND,2018,193900000.0,Wind
IND,2018,250000000.0,"Solar, PV"
IND,2018,25900000.0,Wind
IND,2018,78320000.0,"Solar, PV"
IND,2019,157600000.0,"Solar, PV"
IND,2019,218000000.0,"Solar, PV"
IND,2019,200000000.0,"Solar, PV"
IND,2019,47150000.0,"Solar, PV"
IND,2019,70000000.0,"Solar, PV"
IND,2019,163600000.0,"Solar, PV"
IND,2019,,"Solar, PV"
IND,2020,151500000.0,"Solar, PV"
IND,2020,1484000000.0,Natural Gas
IND,2020,134360000.0,"Solar, PV"
IND,2020,274860000.0,Not Applicable
IND,2020,171000000.0,"Solar, PV"
IND,2020,36000000.0,"Solar, PV"
IND,2020,134360000.0,"Solar, PV"
IND,2020,70730000.0,"Solar, PV"
IND,2020,333000000.0,"Solar, PV"
IND,2020,421000000.0,"Solar, PV"
IND,2020,92500000.0,"Solar, PV"
IND,2021,184140000.0,"Solar, PV"
IND,2021,220000000.0,"Solar, PV"
IND,2021,200000000.0,"Solar, PV"
IND,2021,165000000.0,"Solar, PV"
IND,2021,22750000.0,Not Applicable
IND,2021,400000000.0,"Solar, PV"
IND,2021,168950000.0,"Solar, PV"
IND,2021,193400000.0,"Solar, PV"
IND,2021,67000000.0,"Solar, PV"
IND,2022,75260000.0,"Solar, PV"
IND,2022,73350000.0,Not Applicable
IND,2022,6000000.0,"Solar, PV"
IND,2022,20000000.0,"Solar, PV"
IND,2022,57450000.0,Not Applicable
IND,2022,16840000.0,Not Applicable
IND,2022,,Not Applicable
IND,2022,1320000000.0,Wind
IND,2023,94000000.0,
IND,2023,20200000.0,Other
IND,2023,123800000.0,Wind
IND,2023,103000000.0,"Solar, PV"
IND,2023,1000000000.0,Not Applicable
IND,2023,3000000000.0,"Solar, PV"
IND,2023,37000000.0,Not Applicable
IND,2023,6290000.0,"Solar, PV"
IND,2023,,Other
IND,2023,303370000.0,"Solar, PV"
IND,2023,91140000.0,Biomass
IND,2023,673800000.0,"Solar, PV"
IND,2023,14700000.0,"Solar, PV"
IND,2024,175800000.0,"Solar, PV"
IND,2024,113000000.0,"Solar, PV, N/A"
IND,2024,143000000.0,"Solar, PV"
IND,2024,289120000.0,Not Applicable
IND,2024,152200000.0,Wind
IND,2024,52130000.0,"Solar, PV"
IND,2024,50000000.0,"Solar, PV"
IND,2024,221000000.0,"Solar, PV"
IND,2024,147060000.0,"Solar, PV"
IND,2024,4000000.0,"Solar, PV"
IND,2024,,Not Applicable
IND,2024,164860000.0,Not Applicable
IND,2024,170000000.0,"Solar, PV, Wind"
IND,2024,174490000.0,Wind
IND,2024,240950000.0,"Solar, PV"
IND,2024,225130000.0,"Solar, PV"
IND,2024,124130000.0,"Solar, PV"
IND,2024,192000000.0,"Solar, PV"
IND,2024,245000000.0,"Solar, PV"
MDV,2022,,"Solar, PV"
NPL,2010,,"Hydro, Small (<50MW)"
NPL,2010,5000000.0,"Hydro, Small (<50MW)"
NPL,2010,34100000.0,"Hydro, Small (<50MW)"
NPL,2010,4500000.0,"Hydro, Small (<50MW)"
NPL,2011,86000000.0,"Hydro, Large (>50MW)"
NPL,2011,2000000.0,"Hydro, Small (<50MW)"
NPL,2011,19300000.0,"Hydro, Small (<50MW)"
NPL,2012,153000000.0,"Hydro, Large (>50MW)"
NPL,2012,159000000.0,"Hydro, Large (>50MW)"
NPL,2012,192000000.0,"Hydro, Large (>50MW)"
NPL,2012,,"Hydro, Small (<50MW)"
NPL,2012,,"Hydro, Small (<50MW)"
NPL,2012,462200000.0,"Hydro, Large (>50MW)"
NPL,2014,108600000.0,"Hydro, Small (<50MW)"
NPL,2014,39300000.0,"Hydro, Small (<50MW)"
NPL,2014,11000000.0,"Hydro, Small (<50MW)"
NPL,2014,,"Hydro, Small (<50MW)"
NPL,2016,26070000.0,"Hydro, Small (<50MW)"
NPL,2017,56500000.0,"Hydro, Small (<50MW)"
NPL,2017,64500000.0,"Hydro, Small (<50MW)"
NPL,2017,30100000.0,"Hydro, Small (<50MW)"
NPL,2018,21400000.0,"Hydro, Small (<50MW)"
NPL,2019,647200000.0,"Hydro, Large (>50MW)"
NPL,2022,841900000.0,"Hydro, Large (>50MW)"
NPL,2022,16840000.0,"Solar, PV"
PAK,2011,38300000.0,"Hydro, Small (<50MW)"
PAK,2011,500000000.0,Natural Gas
PAK,2011,158800000.0,Wind
PAK,2012,130000000.0,Wind
PAK,2012,66500000.0,Wind
PAK,2012,126500000.0,Wind
PAK,2012,135000000.0,Wind
PAK,2012,135000000.0,Wind
PAK,2012,436000000.0,"Hydro, Large (>50MW)"
PAK,2012,16700000.0,Biomass
PAK,2012,126500000.0,Wind
PAK,2012,,Wind
PAK,2012,70000000.0,Wind
PAK,2013,135400000.0,Wind
PAK,2013,87000000.0,Biomass
PAK,2013,127700000.0,Wind
PAK,2015,135300000.0,Wind
PAK,2015,367840000.0,"Hydro, Large (>50MW)"
PAK,2015,117000000.0,Wind
PAK,2015,133000000.0,Wind
PAK,2015,130199999.99999999,Wind
PAK,2016,1108000000.0,Coal
PAK,2016,130400000.0,Wind
PAK,2016,450000000.0,Not Applicable
PAK,2017,1940000000.0,Coal
PAK,2017,194000000.0,Biomass
PAK,2017,1700000000.0,"Hydro, Large (>50MW)"
PAK,2017,1888200000.0,"Hydro, Large (>50MW)"
PAK,2017,335000000.0,Wind
PAK,2017,40450000.0,Wind
PAK,2018,1080000000.0,Coal
PAK,2018,102200000.0,"Solar, PV"
PAK,2019,62950000.0,Wind
PAK,2019,62950000.0,Wind
PAK,2019,63910000.0,Wind
PAK,2019,62950000.0,Wind
PAK,2019,22500000.0,"Solar, PV"
PAK,2019,64000000.0,Wind
PAK,2019,63900000.0,Wind
PAK,2019,63900000.0,Wind
PAK,2019,63900000.0,Wind
PAK,2019,1658000000.0,Not Applicable
PAK,2019,75930000.0,Wind
PAK,2019,63910000.0,Wind
PAK,2019,63900000.0,Wind
PAK,2019,520000000.0,Coal
PAK,2019,63910000.0,Wind
PAK,2020,39750000.0,"Solar, PV"
PAK,2020,1912000000.0,Coal
PAK,2021,150000000.0,"Solar, PV"
PAK,2021,100000000.0,"Solar, PV"
PAK,2022,100000000.0,Not Applicable
LKA,2010,82000000.0,"Hydro, Small (<50MW)"
LKA,2010,10000000.0,Biomass
LKA,2010,2800000.0,"Hydro, Small (<50MW)"
LKA,2010,450000000.0,Coal
LKA,2010,75000000.0,Coal
LKA,2010,27500000.0,Wind
LKA,2010,5900000.0,"Hydro, Small (<50MW)"
LKA,2010,27500000.0,Wind
LKA,2010,3700000.0,"Hydro, Small (<50MW)"
LKA,2011,1200000.0,"Hydro, Small (<50MW)"
LKA,2011,1160000.0,"Hydro, Small (<50MW)"
LKA,2011,17400000.0,Wind
LKA,2011,3400000.0,"Hydro, Small (<50MW)"
LKA,2011,4000000.0,"Solar, PV"
LKA,2011,4000000.0,Biomass
LKA,2011,13200000.0,Wind
LKA,2011,,"Hydro, Small (<50MW)"
LKA,2011,18000000.0,"Hydro, Small (<50MW)"
LKA,2011,46000000.0,Wind
LKA,2011,8600000.0,"Hydro, Small (<50MW)"
LKA,2012,3000000.0,Wind
LKA,2012,16800000.0,Wind
LKA,2012,3000000.0,Biomass
LKA,2012,1500000.0,"Hydro, Small (<50MW)"
LKA,2012,280000000.0,"Wind, Solar, PV"
LKA,2012,6400000.0,"Hydro, Small (<50MW)"
LKA,2012,,"Hydro, Small (<50MW)"
LKA,2012,1200000.0,"Hydro, Small (<50MW)"
LKA,2012,14000000.0,Wind
LKA,2012,29000000.0,Biomass
LKA,2014,13585000.0,Biomass
LKA,2023,8320000.0,"Solar, PV"
AGO,2014,112000000.0,Biomass
AGO,2024,1600000000.0,"Solar, PV"
BWA,2011,104000000.0,Natural Gas
BWA,2022,5000000.0,"Solar, PV"
BWA,2023,60000000.0,"Solar, PV"
BWA,2024,,"Solar, PV"
BWA,2024,58000000.0,"Solar, PV"
BWA,2024,2500000.0,"Solar, PV"
BDI,2020,15700000.0,"Solar, PV"
BDI,2023,1000000.0,"Solar, PV"
BDI,2024,5000000.0,Not Applicable
BDI,2024,7700000.0,"Hydro, Small (<50MW)"
COD,2020,600000000.0,"Solar, PV"
COD,2021,100000000.0,"Solar, PV"
COD,2021,35000000.0,"Solar, PV"
COD,2023,50000000.0,"Solar, PV, N/A"
SWZ,2021,115000000.0,"Solar, PV"
ETH,2014,120000000.0,Wind
ETH,2021,271000000.0,Geothermal
KEN,2011,4700000.0,Diesel
KEN,2012,108000000.0,Other
KEN,2012,112000000.0,Other
KEN,2012,140000000.0,Diesel
KEN,2013,171000000.0,Wind
KEN,2013,156000000.0,Diesel
KEN,2013,6970000.0,Biogas
KEN,2013,200000000.0,Biomass
KEN,2014,762940000.0,Wind
KEN,2014,38000000.0,Biomass
KEN,2018,300000000.0,Wind
KEN,2019,75600000.0,"Solar, PV"
KEN,2019,69000000.0,"Solar, PV"
KEN,2019,75600000.0,"Solar, PV"
KEN,2020,145000000.0,Wind
KEN,2020,2160000.0,"Solar, PV"
KEN,2022,15000000.0,"Solar, PV"
KEN,2022,87000000.0,"Solar, PV"
KEN,2022,53600000.0,"Solar, PV"
KEN,2024,9000000.0,"Hydro, Small (<50MW)"
KEN,2024,68000000.0,Geothermal
LSO,2022,9960000.0,"Solar, PV"
LSO,2024,2300000.0,"Solar, PV, N/A"
MDG,2020,19000000.0,"Solar, PV"
MDG,2022,29720000.0,"Solar, PV"
MDG,2023,18000000.0,"Solar, PV, Solar, PV"
MDG,2023,30000000.0,"Solar, PV"
MWI,2019,67000000.0,"Solar, PV"
MWI,2022,27600000.0,"Solar, PV"
MUS,2014,69500000.0,Wind
MUS,2023,8170000.0,"Solar, PV"
MUS,2023,15000000.0,"Solar, PV"
MOZ,2013,98670000.0,Natural Gas
MOZ,2014,200000000.0,Natural Gas
MOZ,2017,273000000.0,Natural Gas
MOZ,2017,84000000.0,"Solar, PV"
MOZ,2019,56000000.0,"Solar, PV"
MOZ,2020,40000000.0,"Solar, PV"
MOZ,2021,652300000.0,"Solar, PV"
MOZ,2022,129600000.0,"Hydro, Large (>50MW)"
MOZ,2023,30000000.0,"Solar, PV"
MOZ,2024,450000000.0,Not Applicable
MOZ,2024,270000000.0,Wind
NAM,2017,32000000.0,"Solar, PV"
NAM,2017,9370000.0,"Solar, PV"
NAM,2017,10000000.0,"Solar, PV"
NAM,2018,70000000.0,"Solar, PV"
NAM,2018,7000000.0,"Solar, PV"
NAM,2024,20000000.0,"Solar, PV"
RWA,2010,16000000.0,Natural Gas
RWA,2011,142000000.0,Natural Gas
RWA,2012,12000000.0,"Hydro, Small (<50MW)"
RWA,2014,24100000.0,"Solar, PV"
RWA,2014,36000000.0,Biomass
RWA,2017,345000000.0,Biomass
RWA,2017,17000000.0,"Hydro, Small (<50MW)"
RWA,2023,10000000.0,"Solar, PV"
RWA,2023,30000000.0,"Solar, PV"
RWA,2024,7300000.0,"Hydro, Small (<50MW)"
STP,2023,30000000.0,"Solar, PV"
SOM,2023,5670000.0,"Solar, PV, N/A"
ZAF,2010,6000000.0,Natural Gas
ZAF,2012,844000000.0,"Solar, CSP"
ZAF,2012,424000000.0,"Solar, CSP"
ZAF,2012,300000000.0,Wind
ZAF,2012,34000000.0,"Solar, PV"
ZAF,2012,85000000.0,Wind
ZAF,2012,,"Solar, PV"
ZAF,2012,220000000.0,Wind
ZAF,2012,48000000.0,"Solar, PV"
ZAF,2012,25000000.0,"Solar, PV"
ZAF,2012,296000000.0,Wind
ZAF,2012,396000000.0,"Solar, PV"
ZAF,2012,34000000.0,"Solar, PV"
ZAF,2012,150000000.0,"Solar, PV"
ZAF,2012,150000000.0,"Solar, PV"
ZAF,2012,184000000.0,"Solar, PV"
ZAF,2012,195000000.0,"Solar, PV"
ZAF,2012,50000000.0,Wind
ZAF,2012,35000000.0,"Solar, PV"
ZAF,2012,98000000.0,"Solar, PV"
ZAF,2012,173000000.0,Wind
ZAF,2012,259000000.0,"Solar, PV"
ZAF,2012,150000000.0,"Solar, CSP"
ZAF,2012,259000000.0,"Solar, PV"
ZAF,2012,,"Solar, PV"
ZAF,2012,294000000.0,"Solar, PV"
ZAF,2012,280000000.0,"Solar, PV"
ZAF,2012,222000000.0,Wind
ZAF,2012,258910000.00000003,Wind
ZAF,2012,184700000.0,"Solar, PV"
ZAF,2013,,"Solar, CSP"
ZAF,2013,410380000.0,Wind
ZAF,2013,984000000.0,Other
ZAF,2013,498180000.0,Wind
ZAF,2013,42970000.0,Wind
ZAF,2013,327000000.0,Other
ZAF,2013,271710000.0,Wind
ZAF,2013,121180000.0,Wind
ZAF,2013,331820000.0,"Solar, PV"
ZAF,2013,386100000.0,"Solar, PV"
ZAF,2013,56000000.0,"Hydro, Small (<50MW)"
ZAF,2013,238800000.0,"Solar, PV"
ZAF,2013,60150000.0,Wind
ZAF,2013,213400000.0,Wind
ZAF,2014,17000000.0,Biogas
ZAF,2014,70000000.0,"Solar, PV"
ZAF,2014,,"Solar, PV"
ZAF,2015,109600000.0,"Solar, PV"
ZAF,2015,179000000.0,Wind
ZAF,2015,688400000.0,"Solar, CSP"
ZAF,2015,281000000.0,Wind
ZAF,2015,281000000.0,Wind
ZAF,2015,180000000.0,Wind
ZAF,2015,252500000.0,Wind
ZAF,2015,58750000.0,"Solar, PV"
ZAF,2015,265899999.99999997,Wind
ZAF,2015,160000000.0,Wind
ZAF,2015,109600000.0,"Solar, PV"
ZAF,2015,265899999.99999997,"Solar, PV"
ZAF,2015,133000000.0,"Solar, PV"
ZAF,2015,87700000.0,"Solar, PV"
ZAF,2015,129000000.0,Waste
ZAF,2015,854090000.0,"Solar, CSP"
ZAF,2016,779400000.0,"Solar, CSP"
ZAF,2018,75900000.0,"Solar, PV"
ZAF,2018,125000000.0,"Solar, PV"
ZAF,2018,200000000.0,Wind
ZAF,2018,88160000.0,"Solar, PV"
ZAF,2018,124700000.0,"Solar, PV"
ZAF,2018,67800000.0,Wind
ZAF,2018,308330000.0,Wind
ZAF,2018,211200000.0,Wind
ZAF,2018,101800000.0,"Solar, PV"
ZAF,2018,524799999.99999994,Wind
ZAF,2018,270280000.0,Wind
ZAF,2018,145100000.0,"Solar, PV"
ZAF,2018,99550000.0,Biomass
ZAF,2018,275000000.0,Wind
ZAF,2018,277200000.0,Wind
ZAF,2018,170080000.0,Wind
ZAF,2018,376000000.0,Wind
ZAF,2018,398100000.0,"Solar, PV"
ZAF,2018,258959999.99999997,Wind
ZAF,2018,129350000.0,"Solar, PV"
ZAF,2018,119920000.0,"Solar, PV"
ZAF,2021,826300000.0,"Solar, CSP"
ZAF,2022,959610000.0,"Solar, PV"
ZAF,2022,173710000.0,Wind
ZAF,2022,173710000.0,Wind
ZAF,2023,206000000.0,Wind
ZAF,2023,202880000.0,Wind
ZAF,2023,90000000.0,"Solar, PV"
ZAF,2023,90000000.0,"Solar, PV"
ZAF,2023,90000000.0,"Solar, PV"
ZAF,2023,115480000.0,Wind
ZAF,2023,,"Solar, PV, Solar, PV"
ZAF,2023,206000000.0,Wind
ZAF,2023,91860000.0,"Solar, PV, Wind, N/A"
ZAF,2023,124000000.0,Wind
ZAF,2024,118150000.0,"Solar, PV"
ZAF,2024,87700000.0,"Solar, PV"
ZAF,2024,87700000.0,"Solar, PV"
ZAF,2024,170000000.0,
ZAF,2024,386600000.0,"Solar, PV, Wind, N/A"
ZAF,2024,693440000.0,"Solar, PV"
ZAF,2024,248000000.0,"Solar, PV"
SSD,2024,5000000.0,Wind
SSD,2024,15000000.0,Wind
TZA,2011,,Diesel
TZA,2011,4700000.0,Diesel
TZA,2011,129400000.0,Diesel
TZA,2019,8500000.0,Not Applicable
TZA,2020,1200000.0,Wind
TZA,2023,30000000.0,"Solar, PV"
TZA,2024,15000000.0,"Hydro, Small (<50MW)"
UGA,2012,34000000.0,"Hydro, Small (<50MW)"
UGA,2015,30000000.0,"Hydro, Small (<50MW)"
UGA,2015,15400000.0,"Hydro, Small (<50MW)"
UGA,2016,15700000.0,"Hydro, Small (<50MW)"
UGA,2016,14500000.0,"Hydro, Small (<50MW)"
UGA,2016,14300000.0,"Solar, PV"
UGA,2016,19540000.0,"Solar, PV"
UGA,2017,19300000.0,"Hydro, Small (<50MW)"
UGA,2019,87000000.0,"Hydro, Small (<50MW)"
UGA,2022,22000000.0,"Hydro, Small (<50MW)"
UGA,2023,19000000.0,"Solar, PV"
UGA,2024,95000000.0,"Hydro, Small (<50MW)"
ZMB,2010,1500000000.0,"Hydro, Large (>50MW)"
ZMB,2011,239000000.0,"Hydro, Large (>50MW)"
ZMB,2012,110000000.0,Not Applicable
ZMB,2015,830000000.0,Coal
ZMB,2017,59000000.0,"Solar, PV"
ZMB,2018,45000000.0,"Solar, PV"
ZMB,2021,336000000.0,"Solar, PV"
ZMB,2023,7500000.0,"Solar, PV"
ZMB,2024,96700000.0,"Solar, PV"
ZWE,2017,5700000.0,"Hydro, Small (<50MW)"
ZWE,2017,60000000.0,"Solar, PV"
ZWE,2022,43000000.0,"Solar, PV"
ZWE,2024,250000000.0,"Solar, PV"
ZWE,2024,1500000.0,"Solar, PV"
BEN,2022,14300000.0,"Solar, PV"
BEN,2022,,"Solar, PV"
BEN,2022,,"Solar, PV"
BEN,2022,,"Solar, PV"
BEN,2022,1520000.0,"Solar, PV"
BEN,2023,,"Solar, PV"
BEN,2023,9600000.0,"Solar, PV, N/A"
BFA,2021,46870000.0,"Solar, PV"
BFA,2021,33100000.0,"Solar, PV"
BFA,2021,41200000.0,"Solar, PV"
BFA,2021,35400000.0,"Solar, PV"
BFA,2021,29440000.0,"Solar, PV"
BFA,2022,46400000.0,"Solar, PV"
BFA,2024,27700000.0,"Solar, PV"
CPV,2010,80000000.0,Wind
CPV,2023,30000000.0,"Solar, PV"
CMR,2010,342000000.0,Natural Gas
CMR,2018,1388340000.0,"Hydro, Large (>50MW)"
CMR,2023,100000000.0,"Solar, PV, N/A"
TCD,2020,150000000.0,"Solar, PV"
TCD,2021,41350000.0,"Solar, PV"
TCD,2021,30000000.0,"Solar, PV"
TCD,2023,100000000.0,"Solar, PV, N/A"
CIV,2010,5500000.0,Natural Gas
CIV,2010,5500000.0,Natural Gas
CIV,2020,440700000.0,Natural Gas
CIV,2020,369540000.0,Natural Gas
CIV,2021,232480000.0,Biomass
CIV,2022,183700000.0,"Hydro, Small (<50MW)"
CIV,2023,60000000.0,"Solar, PV"
CIV,2024,60680000.0,"Solar, PV"
GAB,2011,234000000.0,"Hydro, Small (<50MW)"
GAB,2012,134000000.0,"Hydro, Small (<50MW)"
GAB,2019,167000000.0,"Hydro, Small (<50MW)"
GAB,2021,210960000.0,"Hydro, Small (<50MW)"
GAB,2022,152380000.0,"Solar, PV"
GAB,2023,30000000.0,"Solar, PV"
GHA,2013,440000000.0,Natural Gas
GHA,2014,900000000.0,Natural Gas
GHA,2016,552000000.0,Natural Gas
GHA,2016,953000000.0,Natural Gas
GHA,2016,200000000.0,Diesel
GHA,2017,,Diesel
GHA,2019,580000000.0,Not Applicable
GIN,2018,121000000.0,Diesel
GIN,2020,76500000.0,"Solar, PV"
GIN,2024,,"Solar, PV"
LBR,2010,,Diesel
MLI,2017,136440000.0,Diesel
MLI,2018,104500000.0,"Solar, PV"
MLI,2020,128000000.0,"Solar, PV"
MLI,2021,56000000.0,"Solar, PV"
NGA,2013,407300000.0,Natural Gas
NGA,2015,880000000.0,Natural Gas
NGA,2017,70000000.0,"Solar, PV"
NGA,2020,2600000000.0,
NGA,2021,40000000.0,"Solar, PV"
NGA,2023,103000000.0,"Solar, PV"
NGA,2023,13000000.0,"Solar, PV, N/A"
NGA,2024,20000000.0,"Solar, PV"
SEN,2010,22000000.0,"Solar, PV"
SEN,2014,172000000.0,"Natural Gas, Other"
SEN,2014,165000000.0,Other
SEN,2015,114150000.0,Diesel
SEN,2016,29250000.0,"Solar, PV"
SEN,2016,46260000.0,"Solar, PV"
SEN,2017,51000000.0,Other
SEN,2017,25900000.0,"Solar, PV"
SEN,2017,37000000.0,Diesel
SEN,2018,493600000.0,Wind
SEN,2019,24700000.0,"Solar, PV"
SEN,2019,29200000.0,"Solar, PV"
SEN,2023,30000000.0,"Solar, PV"
SEN,2023,162530000.0,Diesel
SEN,2023,59000000.0,"Solar, PV, Solar, PV"
SEN,2023,45920000.0,"Solar, PV, N/A"
SEN,2024,110700000.0,"Solar, PV, N/A"
SEN,2024,475000000.0,Natural Gas
SLE,2011,30000000.0,Biomass
SLE,2018,40000000.0,Diesel
SLE,2023,1200000.0,"Solar, PV"
SLE,2024,417000000.0,Natural Gas
TGO,2020,145880000.0,Geothermal
TGO,2020,36350000.0,"Solar, PV"
TGO,2022,39730000.0,"Solar, PV"
TGO,2022,11390000.0,"Solar, PV"
TGO,2022,25000000.0,"Solar, PV"
